Participante,Texto,Sentimiento,Palabras,Dia,Mes,Anio
PRESIDENTE ANDRES MANUEL LOPEZ OBRADOR, Muy buenos días. ¿Cómo están? ¿Cómo les trata la vida? Ánimo.,0.0,11,16,08,2024
PRESIDENTE ANDRES MANUEL LOPEZ OBRADOR,"Bueno, pues hay buenas noticias: vamos a dedicar también la mañana a contestar también preguntas, seguimos. Vamos, nada más, a fijar un tiempo, por la gira que vamos a llevar a cabo el fin de semana: vamos a estar Colima, Michoacán, Jalisco y Nuevo León.",0.0,45,16,08,2024
PREGUNTA, ¿Ya viaja con la presidenta electa?,0.0,6,16,08,2024
PRESIDENTE ANDRES MANUEL LOPEZ OBRADOR," Es probable, no tengo el detalle, pero es probable que sí podamos ir juntos.",0.0,14,16,08,2024
PRESIDENTE ANDRES MANUEL LOPEZ OBRADOR," Sí, que había esa posibilidad. Es que son varios estados, varias reuniones de evaluación. Ya terminamos este fin de semana de visitar los 32 estados, las 32 entidades federativas, y con estos cuatro estados terminamos del recorrido por todo el país con la presidenta.",0.0,44,16,08,2024
PRESIDENTE ANDRES MANUEL LOPEZ OBRADOR,"Y antes de recibir su certificado de presidenta electa, pues ella tenía que ir en las líneas comerciales y además por carretera. Yo también la acompañaba en algunos tramos; por ejemplo, la semana pasada, que fuimos a Sinaloa, viajamos en carretera de Culiacán a Tepic, como cinco horas más o menos, seis. Desde luego, vamos platicando, conversando, tratando asuntos, pero es bastante; y al día siguiente lo mismo, hacer actos. Y ahora vamos a estos cuatro estados, vamos a salir como a las 10 de la mañana de aquí.",0.0,89,16,08,2024
PREGUNTA," ¿Ese avión es de Sedena o de Marina, presidente?",0.0,9,16,08,2024
PRESIDENTE ANDRES MANUEL LOPEZ OBRADOR, De la Fuerza Aérea.,0.0,4,16,08,2024
PREGUNTA," ¿Y se valoraron, por ejemplo, las condiciones de seguridad, que usted siendo jefe de Estado y ella la futura jefa de Estado vuelen juntos?",0.0,24,16,08,2024
PRESIDENTE ANDRES MANUEL LOPEZ OBRADOR," No, no, pero…. No, no, hay un ambiente en México de paz, de tranquilidad. Estamos protegidos, nuestro ángel de la guarda es el pueblo de México, nuestro pueblo es muy bueno. No hay nada que temer y vamos juntos.",0.0,39,16,08,2024
PRESIDENTE ANDRES MANUEL LOPEZ OBRADOR,"Ya nada más, cuando acepte acompañarme a alguna inauguración vamos a estar, pero no giras.",0.0,15,16,08,2024
PREGUNTA," ¿Cuánto (inaudible) conjuntas, y la de salud?",0.0,7,16,08,2024
PRESIDENTE ANDRES MANUEL LOPEZ OBRADOR," Pues vamos a inaugurar como 10 o 15 obras todavía, hasta finales de septiembre, pero ya es ir a la inauguración nada más.",0.0,23,16,08,2024
PRESIDENTE ANDRES MANUEL LOPEZ OBRADOR,"Esto es otro tipo de gira, es ir a evaluar las obras en cada estado, lo que se terminó, lo que está en proceso, lo que ella está proyectando realizar, la presidenta. Es una transición muy fraterna, sin diferencias, coincidimos en muchas cosas.",0.0,43,16,08,2024
PRESIDENTE ANDRES MANUEL LOPEZ OBRADOR,"Y ella trae un muy buen programa. Por ejemplo, su plan de construir los trenes de pasajeros hacia el norte es algo extraordinario porque es volver a los trenes de pasajeros; claro, modernos, trenes que se pueden desplazar a 150, 160 kilómetros por hora; eléctricos, que no contaminan; trenes para ir al norte, a la frontera, a Nogales, a Nuevo Laredo, pasando por Querétaro, San Luis, Nuevo León, Tamaulipas, Jalisco, Nayarit, Sinaloa, Sonora. No, es una gran obra.",0.0,78,16,08,2024
PRESIDENTE ANDRES MANUEL LOPEZ OBRADOR,"Además, muchos empleos, mucho trabajo. Se va a reactivar con la industria de la construcción la economía, que no falte el trabajo, que la gente tenga buenos salarios, ingresos, que se fortalezca el mercado interno.",0.0,35,16,08,2024
PRESIDENTE ANDRES MANUEL LOPEZ OBRADOR,"Ese es un extraordinario proyecto. Nada más, se comprometió a hacer el doble de lo que nosotros hicimos. Nos va a ‘arreglar’, como se dice en el béisbol, en cuanto a trenes.",0.0,32,16,08,2024
PRESIDENTE ANDRES MANUEL LOPEZ OBRADOR,"Y es historia. Imagínense, el primer ferrocarril, el primer tren de pasajeros, se inaugura en 1873, de México a Veracruz, y se construyen en la época de Porfirio Díaz 34 mil kilómetros de vías férreas. Claro, 34 años, pero fue mucho, y se comunicó todo el país.",0.0,47,16,08,2024
PRESIDENTE ANDRES MANUEL LOPEZ OBRADOR,"Hay ciudades que crecieron por el ferrocarril, que eran pueblos muy pequeños, no de esos pueblos es Torreón. Y así hay muchos otros. El ferrocarril impulsó mucho el progreso del país.",0.0,31,16,08,2024
PRESIDENTE ANDRES MANUEL LOPEZ OBRADOR,"Y luego, después de la Revolución se siguieron construyendo vías férreas. No olvidar también que por eso la Revolución se hizo a caballo y en ferrocarril, porque estaba todo comunicado, todas las tropas de Villa las movía en trenes, y salían los trenes hacia el norte con soldados a enfrentar a los rebeles.",0.0,53,16,08,2024
PRESIDENTE ANDRES MANUEL LOPEZ OBRADOR,"Y en el caso del sureste, primero fueron los barcos y luego el tren, y en tercer lugar las carreteras. Y así, hasta que llegan estos tecnócratas irresponsables corruptos y acaban con los ferrocarriles de pasajeros, acaban con la historia del ferrocarril. Se abandona desde la época de Zedillo, que se privatizan los ferrocarriles. Se crean los de carga, que se los entregan a dos empresas, más de 20 mil kilómetros concesionados. Todavía se llevan a trabajar a Zedillo de asesor de una de esas empresas que habían recibido o a las que se les habían entregado los Ferrocarriles Nacionales.",0.0,100,16,08,2024
PRESIDENTE ANDRES MANUEL LOPEZ OBRADOR,"Pero aquí nos estamos ahorrando muchísima historia, mucha, mucha, mucha historia del movimiento ferrocarrilero, de cómo se mexicaniza el ferrocarril, los ferrocarriles que se adquieren durante el porfiriato, que fue como un rescate, como un Fobaproa: Porfirio Díaz compró las acciones de todas las compañías extranjeras, se nacionalizan los ferrocarriles, pero seguían siendo manejados por estadounidenses, todo el personal. Y con el presidente Madero, con la Revolución, se mexicanizan los Ferrocarriles Nacionales y ya empiezan los mexicanos a operar los ferrocarriles. Es una historia larga.",0.0,85,16,08,2024
PRESIDENTE ANDRES MANUEL LOPEZ OBRADOR,"Entonces, ahora con la Cuarta Transformación regresan los ferrocarriles de pasajeros y con lo que va a hacer la presidenta pues va a ser algo muy importante, mucho muy importante.",0.0,30,16,08,2024
PREGUNTA," ¿Ayer vio el mensaje, presidente?",0.0,5,16,08,2024
PRESIDENTE ANDRES MANUEL LOPEZ OBRADOR," No, no tuve oportunidad, pero escuché muy buenos comentarios sobre el mensaje de la presidenta. Lo dedicó básicamente a las mujeres. Me dio mucho gusto eso, porque sí había hablado de las mujeres, pero creo que ayer fue más enfática sobre la importancia de las mujeres.",0.0,46,16,08,2024
PRESIDENTE ANDRES MANUEL LOPEZ OBRADOR,"Bueno, y otros planes que tiene. Lo de vivienda, lo de construcción de muchísimas viviendas para trabajadores, para la gente humilde.",0.0,21,16,08,2024
PRESIDENTE ANDRES MANUEL LOPEZ OBRADOR,"La verdad, estoy, lo repito, muy contento, muy satisfecho, muy tranquilo. Estamos en un buen momento en el país: está muy bien la economía, hay gobernabilidad. Un futuro con muchas esperanzas, se avizora un buen porvenir, no hay nada que temer, y la gente está contenta.",0.0,46,16,08,2024
PRESIDENTE ANDRES MANUEL LOPEZ OBRADOR,"Entonces, vamos hacia adelante. Pero a ver ¿qué cosa?, ¿de qué podemos hablar hoy? Va a salir todo ahorita.",0.0,19,16,08,2024
PRESIDENTE ANDRES MANUEL LOPEZ OBRADOR,"Ah, quedó una lista, ¿verdad? Pero vamos a empezar porque… Para que no estén cuestionándote. Son tres nada más.",0.0,19,16,08,2024
PREGUNTA," Buen día, presidente.",0.0,3,16,08,2024
PREGUNTA,"Carlos Montesinos, de Reporte Índigo.",0.0,5,16,08,2024
PREGUNTA,"Preguntarle sobre este comunicado que emitió la Fiscalía General de la República sobre la investigación del homicidio de Héctor Cuén, el exrector de la Universidad de Sinaloa, las irregularidades que detectó en la investigación que hizo la fiscalía precisamente de Sinaloa, el asunto de la necropsia, algunos errores al investigar sangre en la batea de la camioneta donde fue hallado el cuerpo, discrepancias entre el número de disparos que tenía el cadáver y los que se escucha en el video, los que denunciaron los asistentes que estuvieron presentes en la gasolinera, y un detalle importante: que se autorizó la cremación de los restos del exrector.",0.0,105,16,08,2024
PREGUNTA,"Entonces, presidente, si nos da la postura de su administración en este caso.",0.0,13,16,08,2024
PRESIDENTE ANDRES MANUEL LOPEZ OBRADOR," Bueno, yo creo que fue acertado que se atrajera el expediente y que esté a cargo de la investigación la Fiscalía General de la República, por esto que estamos ya sabiendo, estas contradicciones, que, bueno, comenzaron desde el primer momento porque la versión inicial en el caso del exrector versó sobre que había sido ejecutado en la gasolinera, que había puesto resistencia, incluso eso fue lo que declaró el testigo, el que lo acompañaba; luego, el señor Zambada dice: ‘No, lo asesinaron ahí en donde se dio el encuentro’, y ahora la fiscalía también está dando a conocer que hay cosas que no coinciden.",0.0,104,16,08,2024
PRESIDENTE ANDRES MANUEL LOPEZ OBRADOR,"Por eso, nosotros queremos que se haga una investigación a fondo, seria, y que se informe de todo, y esperar nada más a que tengan elementos los de la fiscalía y estén informando con toda libertad.",0.0,36,16,08,2024
PREGUNTA," ¿Con estas discrepancias mantiene su respaldo al gobernador Rocha, que fue quien nombró a la fiscalía actual de Sinaloa?",0.0,19,16,08,2024
PRESIDENTE ANDRES MANUEL LOPEZ OBRADOR," Sí, porque no sabemos si él estaba enterado de esta situación. Ya él ha dicho que no estaba en el país. Pero vamos a esperarnos, vamos a esperar a tener toda la información y que se aclare, que no sea como antes, que se ocultaban las cosas. No ocultar absolutamente nada y conocer las causas: por qué es que se detiene o secuestran al señor Zambada, quiénes participan, si había acuerdos o no había acuerdos con el gobierno de Estados Unidos. Todo, todo, todo.",0.0,84,16,08,2024
PRESIDENTE ANDRES MANUEL LOPEZ OBRADOR,"Antes no se podían tratar estos temas a fondo porque había implicaciones de los funcionarios del más alto nivel del gobierno; ahora no. Por eso es muy importante tener autoridad moral, porque, si no, pues las autoridades son encubridoras, cómplices y, al mismo tiempo, autoridades de segunda, de tercera, de quinta, que cualquiera las puede maltratar, ningunear, chantajear, tanto los de la mafia del poder en el país como los gobiernos extranjeros.",0.0,72,16,08,2024
PRESIDENTE ANDRES MANUEL LOPEZ OBRADOR,"Entonces, es muy importante, esto para los jóvenes, que actúen. Si les interesa el oficio de la política, que lo acepten y lo practiquen como un apostolado, como una misión o, para decirlo en términos muy laicos, con muchas convicciones.",0.0,40,16,08,2024
PRESIDENTE ANDRES MANUEL LOPEZ OBRADOR,"Ya el tiempo del político transa, mafioso, corrupto, ya pasó y no va a regresar ese tiempo, por eso debemos de celebrar lo que se está viviendo en México, esta transformación.",0.0,31,16,08,2024
PRESIDENTE ANDRES MANUEL LOPEZ OBRADOR,"INTERLOCUTOR: Un segundo tema, también, siguiendo con temas de fiscalía locales, presidente, sobre cómo se ha ido avanzando en el caso del senador electo, el exgobernador Javier Corral, cómo se le declaró ahora prófugo ya en Chihuahua y los cargos que se le imputan, este presunto desvío o estas irregularidades en un contrato. Si tiene alguna información al respecto y si le hace alguna recomendación en particular dado que, como menciona, está a unos días ya de tener fuero el exgobernador.",0.0,81,16,08,2024
PRESIDENTE ANDRES MANUEL LOPEZ OBRADOR," Bueno, son cosas que tienen que ver con venganzas políticas. Ayer, cuando me preguntaron, a lo mejor estaban esperando una respuesta jurídica, pero eso corresponde a los abogados, yo lo que puedo decir es que políticamente hay una diferencia entre la actual gobernadora y el exgobernador, que se origina porque el exgobernador Corral es el promotor de la denuncia contra el gobernador Duarte, la acusación de corrupción.",0.0,67,16,08,2024
PRESIDENTE ANDRES MANUEL LOPEZ OBRADOR,"Hay todo un expediente, lo que pasa que los medios de información, la radio, la televisión, no contextualizan, no dan los antecedentes. Ciro Gómez Leyva no habla. Como está en contra de Corral, está a favor del exgobernador Duarte, a favor de Manlio, hablando en plata, entonces es como si esto hubiese surgido ayer, antier. No, esto viene de una investigación que se hizo cuando Corral estaba de gobernador en contra de Duarte; se demostró en aquel entonces de que se usó dinero para campañas, que incluso estuvieron vinculados políticos no sólo de Chihuahua, sino de otras partes del país; políticos vinculados a Manlio Fabio Beltrones. O sea, es una historia.",0.0,111,16,08,2024
PRESIDENTE ANDRES MANUEL LOPEZ OBRADOR,"Me da hasta un poco de flojera tener que estar recordando cosas ante la amnesia. Y entonces, esto lleva a la detención de Duarte, incluso se va a Estados Unidos y se promueve una extradición, pero ya en Chihuahua, por su relación con la actual gobernadora, logra libertad condicionada o bajo fianza o domiciliaria, y entonces viene la venganza y acusan a Corral de que desvió 90, 100 millones de pesos, y la acusación la hace la procuraduría de Chihuahua y quien lleva el juicio es el Poder Judicial de Chihuahua. Como Corral va a ser senador, pues se apresuran a detenerlo, a implicarlo, para que no pueda ser senador, porque faltan unos días.",0.0,114,16,08,2024
PRESIDENTE ANDRES MANUEL LOPEZ OBRADOR,¿Cuándo entran los senadores?,0.0,4,16,08,2024
PRESIDENTE ANDRES MANUEL LOPEZ OBRADOR,INTERLOCUTOR: El 1º de septiembre.,0.0,5,16,08,2024
PRESIDENTE ANDRES MANUEL LOPEZ OBRADOR," O sea, que ya faltan 15 días.",0.0,7,16,08,2024
PRESIDENTE ANDRES MANUEL LOPEZ OBRADOR,INTERLOCUTOR: Dos semanas.,0.0,3,16,08,2024
PRESIDENTE ANDRES MANUEL LOPEZ OBRADOR," Catorce días. Entonces, eso es todo. Porque si es senador, tiene fuero y entonces tendrían que llevar a cabo una solicitud de juicio político, y en esas circunstancias es más difícil.",0.0,31,16,08,2024
PRESIDENTE ANDRES MANUEL LOPEZ OBRADOR,"INTERLOCUTOR: Entonces, dejándolo en claro, ¿usted ve un uso faccioso de la fiscalía?",0.0,13,16,08,2024
PRESIDENTE ANDRES MANUEL LOPEZ OBRADOR," Sí, es un asunto completamente político. Y cada vez que hay algo de eso yo estoy en contra, porque yo fui víctima de eso, yo padecí de cómo me fabricaron un delito para desaforarme, y en el fondo lo que querían Fox, el presidente de la corte, los ministros de la corte, los legisladores del PRI, del PAN, era que yo no participara como candidato a la Presidencia.",0.0,68,16,08,2024
PRESIDENTE ANDRES MANUEL LOPEZ OBRADOR,¿Quién en aquel entonces me sacó a flote? ¿Fueron los medios? ¿Fue Ciro?,0.0,13,16,08,2024
PRESIDENTE ANDRES MANUEL LOPEZ OBRADOR,"¿Por qué no pones un fragmento de una entrevista que me hizo Ciro cuando el desafuero? Para que vean cómo era antes. Me desahució, porque era la consigna. Todos los medios: el Reforma, El Universal, Televisa, todos.",0.0,37,16,08,2024
PRESIDENTE ANDRES MANUEL LOPEZ OBRADOR,¿Ustedes creen que me defendieron los potentados? No.,0.0,8,16,08,2024
PRESIDENTE ANDRES MANUEL LOPEZ OBRADOR,"¿Quién me defendió? ¿Quién me sacó a flote? El pueblo, la gente.",0.0,12,16,08,2024
PRESIDENTE ANDRES MANUEL LOPEZ OBRADOR,"¿La corte?, ¿el Poder Judicial, me defendió? No; al contrario, sacaron un manifiesto. El presidente de la corte, todos los ministros de la corte alineados a Fox. La procuraduría, Macedo de la Concha estaba en la Siedo. Creo que… ¿Cómo se llama el señor que está detenido allá en Nueva York?",0.0,51,16,08,2024
PRESIDENTE ANDRES MANUEL LOPEZ OBRADOR,INTERVENCIÓN: Genaro García Luna.,0.0,4,16,08,2024
PRESIDENTE ANDRES MANUEL LOPEZ OBRADOR," Genaro García Luna, todos esos.",0.0,5,16,08,2024
PRESIDENTE ANDRES MANUEL LOPEZ OBRADOR,"Es donde dice: ‘¿Por qué no aceptas, Andrés Manuel, que ya chupaste Faros’?, algo así.",0.0,15,16,08,2024
PRESIDENTE ANDRES MANUEL LOPEZ OBRADOR,"Pero, bueno, hay que ver la parte legal, la parte jurídica, pero esas se las pueden explicar en las mesas, donde llegan los expertos.",0.0,24,16,08,2024
PRESIDENTE ANDRES MANUEL LOPEZ OBRADOR,"INTERLOCUTOR: Justo en ese sentido, ¿no considera que también valdría la pena que la fiscalía general interviniera en este asunto si está denunciando un uso faccioso de la justicia en Chihuahua?",0.0,31,16,08,2024
PRESIDENTE ANDRES MANUEL LOPEZ OBRADOR," Sí, pero yo creo que Corral va a defenderse. ¿No es abogado Corral, como profesión? A ver, busquen ahí.",0.0,19,16,08,2024
PRESIDENTE ANDRES MANUEL LOPEZ OBRADOR,INTERVENCIÓN: Es comunicador.,0.0,3,16,08,2024
PRESIDENTE ANDRES MANUEL LOPEZ OBRADOR," Ah, es comunicador, pero tiene conocimiento.",0.0,6,16,08,2024
PRESIDENTE ANDRES MANUEL LOPEZ OBRADOR,"INTERVENCIÓN: ¿Esa persecución contra Corral es contra la presidenta electa, por la cercanía que tiene en el equipo?",0.0,18,16,08,2024
PRESIDENTE ANDRES MANUEL LOPEZ OBRADOR," Sí, es parte. O sea, el antecedente es esto, a lo que hago referencia, porque existe una estrecha relación entre la actual gobernadora. Parece increíble, pero no lo es porque ya sabemos que existe esta alianza, esta promiscuidad política desde hace mucho tiempo, esa fue la labor de Salinas.",0.0,49,16,08,2024
PRESIDENTE ANDRES MANUEL LOPEZ OBRADOR,"No nos creían, tampoco lo reconocen, cuando hablábamos del Prian. Y engañaron a mucha gente buena en los pueblos, en los municipios, en los estados, que pensaban que eran distintos; incluso se enfrentaban electoralmente, PRI-PAN, y la gente se apasionaba y estaba en contra de un partido, en contra del otro partido, y nosotros diciendo: Son lo mismo, es lo mismo.",0.0,61,16,08,2024
PRESIDENTE ANDRES MANUEL LOPEZ OBRADOR,"Es el caso de Marín, en Puebla. Ayer hablaba yo de cómo coreaban: ‘¡Fuera Marín! ¡Fuera Marín! ¡Fuera Marín!’ Eran del PAN, y luego se volvieron aliados.",0.0,27,16,08,2024
PRESIDENTE ANDRES MANUEL LOPEZ OBRADOR,"El caso de Coahuila, nada más revisen el periódico El Norte o el Reforma, toda la campaña en contra de los Moreira. Y en Torreón y en todo Coahuila, los panistas, gente buena, manipulada, mejor dicho, desinformada por estos camajanes, que pensaban, ¿no?, que todo el problema de Coahuila eran los Moreira, ¿no? Y luego, terminan los Moreira aliados al PAN.",0.0,61,16,08,2024
PRESIDENTE ANDRES MANUEL LOPEZ OBRADOR,"Pero en los últimos días de Calderón, ya cuando gana el licenciado Peña Nieto, o cuando le dan el triunfo al licenciado Peña Nieto, la que estaba de procuradora del PAN le extiende a uno de los Moreira una carta, un oficio de no ejercicio de la acción penal en todos los delitos, lo exoneran; pero allá en Torreón seguía la gente en contra de Moreira y que ‘si ganamos vamos a meter a la cárcel a los Moreira’, hasta que fui un día por allá y ya les llevé el expediente, les digo: Miren, si ya los exoneraron, ya se entendieron, son lo mismo.",0.0,105,16,08,2024
PRESIDENTE ANDRES MANUEL LOPEZ OBRADOR,"Entonces, esto de Chihuahua pues en apariencia son distintos el señor Duarte, gobernador del PRI, con la actual gobernadora del PAN, pero en los hechos es lo mismo, están aliados.",0.0,30,16,08,2024
PRESIDENTE ANDRES MANUEL LOPEZ OBRADOR,"INTERVENCIÓN: Presidente, ¿pero eso no afecta (inaudible) de la 4T cuando se ha estado defendiendo en contra de exonerar a Duarte?",0.0,21,16,08,2024
PRESIDENTE ANDRES MANUEL LOPEZ OBRADOR," ¿Pero cómo juzgas a alguien de robo en una circunstancia así, si le fabrican —que es lo más probable— el delito? ¿Por qué? ¿Cuánto tiempo lleva en el gobierno de Chihuahua en contra de Corral? ¿Por qué ahora, un mes antes de la elección? No se viola nada. O sea, es entender las cosas y que no se fabricar delitos en contra de nadie; que se pruebe.",0.0,67,16,08,2024
PRESIDENTE ANDRES MANUEL LOPEZ OBRADOR,"Yo no denuncio a la señora Anabel, ni me meto a investigar a los que están haciendo la campaña en contra mía de ‘narcopresidente’, primero, porque no me afecta, eso está probado. Como decía Díaz Mirón: ‘Hay aves que cruzan el pantano y no se manchan, mi plumaje es de esos’.",0.0,51,16,08,2024
PRESIDENTE ANDRES MANUEL LOPEZ OBRADOR,"Pero hay una cosa más bella todavía. Ponla y después vemos esto. Miren qué joven estaba yo ahí. Pon a Darío, pon a Darío.",0.0,24,16,08,2024
PRESIDENTE ANDRES MANUEL LOPEZ OBRADOR,"Entonces, no me afecta. Y sí, imagínense que yo denuncio por calumnia a Anabel, porque no tiene pruebas, porque me está calumniando, porque me está afectando, supuestamente —o aparentemente— me afecta moralmente, es un daño moral, entonces la denuncio; ¡uf!, la hago grandísima, ¿no?, a una calumniadora que tiene vínculos con la DEA. Entonces, no, no, no.",0.0,57,16,08,2024
PRESIDENTE ANDRES MANUEL LOPEZ OBRADOR,"O a los que pagan ‘AMLO narcopresidente. Entonces, hay que actuar con rectitud y con honestidad, ese es el escudo protector.",0.0,21,16,08,2024
PRESIDENTE ANDRES MANUEL LOPEZ OBRADOR,"Esto es bellísimo, tenía que ser el gran Darío:",0.0,9,16,08,2024
PRESIDENTE ANDRES MANUEL LOPEZ OBRADOR,"‘Puede una gota de lodo sobre un diamante caer, puede también de este modo su fulgor oscurecer; pero, aunque el diamante todo se encuentre de fango lleno el valor que lo hace bueno no perderá ni un instante y ha de ser siempre diamante por más que lo manche el cieno’.",0.0,51,16,08,2024
PRESIDENTE ANDRES MANUEL LOPEZ OBRADOR,"Es parecido a lo de Díaz Mirón, él admiraba mucho a Díaz Mirón, que era un gran poeta, pero es de esos casos en donde el poder los echa a perder a los hombres más lúcidos. Porque Díaz Mirón, poeta veracruzano, tiene unas cosas bellísimas, su poesía es de lo mejor, Darío era más joven, y todos lo admiraban, pero se vuelve diputado, luego porfirista, y empieza la decadencia y, como decía un crítico literario, los que se entregan por entero a la mentira pierden hasta la imaginación y el talento, y ya terminó siendo director de un periódico, creo que de El Imparcial, en la época de Huerta.",0.0,109,16,08,2024
PRESIDENTE ANDRES MANUEL LOPEZ OBRADOR,"Invita a Huerta a visitar el periódico y hace un escrito, una crónica, de la visita de Huerta y dice, entre otras cosas, que había dejado una estela Huerta a su paso, un aroma y de un perfume. Una frivolidad, un rastrerismo hacia el chacal. En eso terminó siendo un gran poeta.",0.0,52,16,08,2024
PRESIDENTE ANDRES MANUEL LOPEZ OBRADOR,"Pero, a ver, pon a Ciro, cuando el desafuero. A todos los que le hacen esto yo los defiendo, estoy obligado a defender. Bueno, ya no tanto porque, digo, ya no los voy a poder defender porque yo ya termino como en 40 días.",0.0,44,16,08,2024
PRESIDENTE ANDRES MANUEL LOPEZ OBRADOR,(INICIA VIDEO),0.0,2,16,08,2024
PRESIDENTE ANDRES MANUEL LOPEZ OBRADOR,"ANDRÉS MANUEL LÓPEZ OBRADOR (ENTONCES JEFE DE GOBIERNO DE LA CIUDAD DE MÉXICO): Nosotros, o sea, desde octubre del año pasado.",0.0,21,16,08,2024
PRESIDENTE ANDRES MANUEL LOPEZ OBRADOR,CIRO GÓMEZ LEYVA: ¿Quiénes son ‘nosotros’? ¿El gobierno de la ciudad?,0.0,11,16,08,2024
PRESIDENTE ANDRES MANUEL LOPEZ OBRADOR,ANDRÉS MANUEL LÓPEZ OBRADOR: El gobierno de la ciudad.,0.0,9,16,08,2024
PRESIDENTE ANDRES MANUEL LOPEZ OBRADOR,"CIRO GÓMEZ LEYVA: Bueno, todo lo que hemos seguido, todo…",0.0,10,16,08,2024
PRESIDENTE ANDRES MANUEL LOPEZ OBRADOR,ANDRÉS MANUEL LÓPEZ OBRADOR: Todo lo que… Así es.,0.0,9,16,08,2024
PRESIDENTE ANDRES MANUEL LOPEZ OBRADOR,"CIRO GÓMEZ LEYVA: El Paraje de San Juan, el caso de Nico, los videos, etcétera. Y hoy llegamos a una situación, Andrés Manuel, en la que tu suerte política, al menos en el corto plazo, queda en manos del PRI, Andrés Manuel, queda en manos del PRI. Aquí podríamos decir lo que sea, hacer las críticas, pero si el PRI vota por tu desafuero dejas de ser jefe de gobierno de la ciudad, Andrés Manuel, sin darle muchas vueltas.",0.0,79,16,08,2024
PRESIDENTE ANDRES MANUEL LOPEZ OBRADOR,"ANDRÉS MANUEL LÓPEZ OBRADOR: A ver, a ver, no, no, Ciro. Vamos por partes.",0.0,14,16,08,2024
PRESIDENTE ANDRES MANUEL LOPEZ OBRADOR,"Primero, son ocho meses, nueve meses de ataques permanentes, uno tras otro. Yo creo que hay constancia: Paraje San Juan en octubre, con todo lo que ya sabes; el caso de Nicolás, los videos, y ahora el asunto de El Encino. Te quiero aclarar dos cosas:",0.0,46,16,08,2024
PRESIDENTE ANDRES MANUEL LOPEZ OBRADOR,"Primero, yo no estoy en manos del PRI, yo estoy en manos de la gente.",0.0,15,16,08,2024
PRESIDENTE ANDRES MANUEL LOPEZ OBRADOR,"CIRO GÓMEZ LEYVA: No, Andrés Manuel, no Andrés Manuel.",0.0,9,16,08,2024
PRESIDENTE ANDRES MANUEL LOPEZ OBRADOR,"ANDRÉS MANUEL LÓPEZ OBRADOR: No, discúlpame, no, no, no.",0.0,9,16,08,2024
PRESIDENTE ANDRES MANUEL LOPEZ OBRADOR,"CIRO GÓMEZ LEYVA: Porque si te quitan el fuero… A ver, ¿qué significa estar en manos de la gente? Si te quitan el fuero, ¿qué vas a decir? ¿’La gente me apoya’ y te quedas?",0.0,35,16,08,2024
PRESIDENTE ANDRES MANUEL LOPEZ OBRADOR,"ANDRÉS MANUEL LÓPEZ OBRADOR: No, pero te voy a decir una cosa: la gente me eligió.",0.0,16,16,08,2024
PRESIDENTE ANDRES MANUEL LOPEZ OBRADOR,CIRO GÓMEZ LEYVA: De acuerdo.,0.0,5,16,08,2024
PRESIDENTE ANDRES MANUEL LOPEZ OBRADOR,ANDRÉS MANUEL LÓPEZ OBRADOR: Y en una democracia el pueblo es que pone y el pueblo es el que quita.,0.0,20,16,08,2024
PRESIDENTE ANDRES MANUEL LOPEZ OBRADOR,"CIRO GÓMEZ LEYVA: No, Andrés Manuel.",0.0,6,16,08,2024
PRESIDENTE ANDRES MANUEL LOPEZ OBRADOR,ANDRÉS MANUEL LÓPEZ OBRADOR: Claro.,0.0,5,16,08,2024
PRESIDENTE ANDRES MANUEL LOPEZ OBRADOR,"CIRO GÓMEZ LEYVA: No, Andrés Manuel.",0.0,6,16,08,2024
PRESIDENTE ANDRES MANUEL LOPEZ OBRADOR,ANDRÉS MANUEL LÓPEZ OBRADOR: Cómo no.,0.0,6,16,08,2024
PRESIDENTE ANDRES MANUEL LOPEZ OBRADOR,"CIRO GÓMEZ LEYVA: Pero, ¿y entonces, el juicio de desafuero?",0.0,10,16,08,2024
PRESIDENTE ANDRES MANUEL LOPEZ OBRADOR,"ANDRÉS MANUEL LÓPEZ OBRADOR: No, no, pero por eso. Si es un juicio injusto….",0.0,14,16,08,2024
PRESIDENTE ANDRES MANUEL LOPEZ OBRADOR,CIRO GÓMEZ LEYVA: ¿Qué va a pasar?,0.0,7,16,08,2024
PRESIDENTE ANDRES MANUEL LOPEZ OBRADOR,ANDRÉS MANUEL LÓPEZ OBRADOR: Yo tengo derecho a la legitima defensa.,0.0,11,16,08,2024
PRESIDENTE ANDRES MANUEL LOPEZ OBRADOR,CIRO GÓMEZ LEYVA: ¿Cómo? ¿Cómo?,0.0,5,16,08,2024
PRESIDENTE ANDRES MANUEL LOPEZ OBRADOR,"ANDRÉS MANUEL LÓPEZ OBRADOR: Yo tengo que hacer valer mis razones. Yo tengo que demostrar, como lo estoy haciendo, que torcieron la ley. Yo tengo que…",0.0,26,16,08,2024
PRESIDENTE ANDRES MANUEL LOPEZ OBRADOR,"CIRO GÓMEZ LEYVA: Tienes poco tiempo, tienes ya muy poco tiempo.",0.0,11,16,08,2024
PRESIDENTE ANDRES MANUEL LOPEZ OBRADOR,"ANDRÉS MANUEL LÓPEZ OBRADOR: No, no, pero lo voy a hacer.",0.0,11,16,08,2024
PRESIDENTE ANDRES MANUEL LOPEZ OBRADOR,"Pero te voy a decir una cosa, Ciro, mira, ¿por qué lo están haciendo?, porque… Y ojalá y la televisión en este caso, porque es un asunto no sólo que me atañe a mí, te atañe a ti, le atañe a cualquier ciudadano. O sea, me están queriendo quitar un derecho.",0.0,51,16,08,2024
PRESIDENTE ANDRES MANUEL LOPEZ OBRADOR,CIRO GÓMEZ LEYVA: ¿Qué derecho?,0.0,5,16,08,2024
PRESIDENTE ANDRES MANUEL LOPEZ OBRADOR,ANDRÉS MANUEL LÓPEZ OBRADOR: El derecho a participar políticamente.,0.0,9,16,08,2024
PRESIDENTE ANDRES MANUEL LOPEZ OBRADOR,CIRO GÓMEZ LEYVA: ¿Participar en la contienda del 2006?,0.0,9,16,08,2024
PRESIDENTE ANDRES MANUEL LOPEZ OBRADOR,"ANDRÉS MANUEL LÓPEZ OBRADOR: En el 2006. O sea, no es que haya yo violado la ley, o sea, es que no quieren.",0.0,23,16,08,2024
PRESIDENTE ANDRES MANUEL LOPEZ OBRADOR,"CIRO GÓMEZ LEYVA: Para ellos sí la violaste, para el Estado de derecho sí lo violaste, Andrés Manuel.",0.0,18,16,08,2024
PRESIDENTE ANDRES MANUEL LOPEZ OBRADOR,ANDRÉS MANUEL LÓPEZ OBRADOR: El Estado de chueco.,0.0,8,16,08,2024
PRESIDENTE ANDRES MANUEL LOPEZ OBRADOR,CIRO GÓMEZ LEYVA: El Estado como lo quieras llamar.,0.0,9,16,08,2024
PRESIDENTE ANDRES MANUEL LOPEZ OBRADOR,"ANDRÉS MANUEL LÓPEZ OBRADOR: Mira, no violé la ley, lo que quieren es atajarnos con miras al 2006. ¿Y sabes por qué? Porque le tienen mucho miedo a un proyecto alternativo de nación, porque no quieren que salga adelante un proyecto que garantice más justicia, que garantice mejores condiciones de vida para la mayoría de la gente.",0.0,57,16,08,2024
PRESIDENTE ANDRES MANUEL LOPEZ OBRADOR,"CIRO GÓMEZ LEYVA: Pero, Andrés Manuel, concretamente, concretamente: entendemos lo de la movilización, vemos las encuestas, las presentamos aquí, sales muy bien, por ahí has venido perdiendo puntos, pero sales muy bien, pero si la Suprema Corte de Justicia, la PGR y luego la Cámara de Diputados, los tres poderes dicen: ‘Andrés Manuel López Obrador pierde su fuero, se va a someter contra la justicia’.",0.0,65,16,08,2024
PRESIDENTE ANDRES MANUEL LOPEZ OBRADOR,ANDRÉS MANUEL LÓPEZ OBRADOR: Se cometería una gran injusticia.,0.0,9,16,08,2024
PRESIDENTE ANDRES MANUEL LOPEZ OBRADOR,CIRO GÓMEZ LEYVA: Son los tres poderes.,0.0,7,16,08,2024
PRESIDENTE ANDRES MANUEL LOPEZ OBRADOR,"ANDRÉS MANUEL LÓPEZ OBRADOR: No le hace, no le hace, pero estarían actuando de manera mafiosa, estarían actuando de manera sectaria, en forma totalmente injusta.",0.0,25,16,08,2024
PRESIDENTE ANDRES MANUEL LOPEZ OBRADOR,"Pero también, para tu tranquilidad y para la tranquilidad de los que nos están viendo, mira, yo nunca he luchado por cargos públicos, yo lucho por principios y lucho por ideales, y por eso soy de esta manera, por eso me gusta defender mi manera de pensar y mi forma de ser.",0.0,52,16,08,2024
PRESIDENTE ANDRES MANUEL LOPEZ OBRADOR,"Entonces, yo no tengo ninguna obsesión por la Presidencia de la República. Yo en lo que sí voy a estar, no sé que me va a deparar el destino…",0.0,29,16,08,2024
PRESIDENTE ANDRES MANUEL LOPEZ OBRADOR,CIRO GÓMEZ LEYVA: Lo que te va a deparar en el corto plazo es un proceso para ver si pierdes el fuero o no.,0.0,24,16,08,2024
PRESIDENTE ANDRES MANUEL LOPEZ OBRADOR,"ANDRÉS MANUEL LÓPEZ OBRADOR: Vamos a esperarnos, no nos adelantemos. Lo que sí te quiero decir es que, pase lo que pase, sea o no sea candidato, me permitan o no lo permitan, de todas maneras, yo voy a estar luchando por un proyecto de cambio verdadero en el país.",0.0,50,16,08,2024
PRESIDENTE ANDRES MANUEL LOPEZ OBRADOR,CIRO GÓMEZ LEYVA: ¿Vas a negociar con la gente del PRI?,0.0,11,16,08,2024
PRESIDENTE ANDRES MANUEL LOPEZ OBRADOR,"ANDRÉS MANUEL LÓPEZ OBRADOR: No, no negocio.",0.0,7,16,08,2024
PRESIDENTE ANDRES MANUEL LOPEZ OBRADOR,CIRO GÓMEZ LEYVA: ¿No vas a negociar?,0.0,7,16,08,2024
PRESIDENTE ANDRES MANUEL LOPEZ OBRADOR,"ANDRÉS MANUEL LÓPEZ OBRADOR: No, no, no.",0.0,7,16,08,2024
PRESIDENTE ANDRES MANUEL LOPEZ OBRADOR,CIRO GÓMEZ LEYVA: Si ellos votan porque no se dé el desafuero se acaba este problema. ¿No los vas a buscar? ¿No los estás buscando?,0.0,25,16,08,2024
PRESIDENTE ANDRES MANUEL LOPEZ OBRADOR,"ANDRÉS MANUEL LÓPEZ OBRADOR: No, porque es un asunto de principios.",0.0,11,16,08,2024
PRESIDENTE ANDRES MANUEL LOPEZ OBRADOR,CIRO GÓMEZ LEYVA: ¿Y la política no es también negociación?,0.0,10,16,08,2024
PRESIDENTE ANDRES MANUEL LOPEZ OBRADOR,"ANDRÉS MANUEL LÓPEZ OBRADOR: No. Cuando no se comprometen principios, cuando no se dejan trozos de dignidad en el camino…",0.0,20,16,08,2024
PRESIDENTE ANDRES MANUEL LOPEZ OBRADOR,CIRO GÓMEZ LEYVA: ¿Y no puedes negociar con el PRI sin comprometer principios?,0.0,13,16,08,2024
PRESIDENTE ANDRES MANUEL LOPEZ OBRADOR,"ANDRÉS MANUEL LÓPEZ OBRADOR: No, pero ¿por qué voy a negociar, si sencillamente yo no soy responsable, no soy culpable?",0.0,20,16,08,2024
PRESIDENTE ANDRES MANUEL LOPEZ OBRADOR,CIRO GÓMEZ LEYVA: Eres un político Andrés Manuel.,0.0,8,16,08,2024
PRESIDENTE ANDRES MANUEL LOPEZ OBRADOR," No, pero esta es una gran injusticia.",0.0,7,16,08,2024
PRESIDENTE ANDRES MANUEL LOPEZ OBRADOR,"CIRO GÓMEZ LEYVA: Pero eres un político, Andrés Manuel, los políticos negocian.",0.0,12,16,08,2024
PRESIDENTE ANDRES MANUEL LOPEZ OBRADOR,"ANDRÉS MANUEL LÓPEZ OBRADOR: No, en este caso no, este es un asunto de principios, es un asunto de dignidad. Yo voy a seguir el procedimiento, lo estoy haciendo, me voy a defender. Tengo mi conciencia tranquila, nunca he violado la ley. Esta es una maniobra para hacerme a un lado, están actuando de manera arbitraria. Esto lo que demuestra es que, en vez de avanzar, estamos retrocediendo.",0.0,68,16,08,2024
PRESIDENTE ANDRES MANUEL LOPEZ OBRADOR,"Imagínate a un presidente que llega al poder a partir de un cambio, enarbolando la bandera de la democracia, y que lo primero que hace o de las cosas más representativas, más significativas en el terreno político, es descalificar a la mala a uno de sus adversarios.",0.0,47,16,08,2024
PRESIDENTE ANDRES MANUEL LOPEZ OBRADOR,"CIRO GÓMEZ LEYVA: Ya te la hicieron, Andrés Manuel. Es que aquí la cosa está… Perdón, pero estar hablando de las ideas cuando ellos están con acciones concretas…",0.0,28,16,08,2024
PRESIDENTE ANDRES MANUEL LOPEZ OBRADOR,"ANDRÉS MANUEL LÓPEZ OBRADOR: Sí, pero ¿no te parece…?",0.0,9,16,08,2024
PRESIDENTE ANDRES MANUEL LOPEZ OBRADOR,"CIRO GÓMEZ LEYVA: Pueden ser muy cuestionables, aquí hemos visto los documentos, los hemos presentado.",0.0,15,16,08,2024
PRESIDENTE ANDRES MANUEL LOPEZ OBRADOR,"ANDRÉS MANUEL LÓPEZ OBRADOR: Pero ¿no te parece una infamia?, ¿no te parece una cosa canallesca?, ¿no te parece que también, en este caso…? Porque si me lo hacen a mí, después te lo van hacer a ti, se lo van a hacer a cualquiera, porque es un asunto de la libertad y por la libertad se lucha y se puede poner en riesgo todo.",0.0,65,16,08,2024
PRESIDENTE ANDRES MANUEL LOPEZ OBRADOR,"CIRO GÓMEZ LEYVA: Andrés Manuel, tú sabes lo que hemos presentado en este programa, lo que hemos dicho. Aquí presentamos los documentos con los que te están acusando, aquí dimos la historia de los dos jueces, el juez que había dicho que sí habían parado las obras, aquí hemos escuchado todos los puntos de vista de toda la gente diciendo que sí acataron la resolución, eso es una cosa; la realidad es que el proceso sigue en marcha y te va a alcanzar, y te va a alcanzar, y te va alcanzar pronto el proceso.",0.0,95,16,08,2024
PRESIDENTE ANDRES MANUEL LOPEZ OBRADOR,"ANDRÉS MANUEL LÓPEZ OBRADOR: No, pues qué lamentable sería para el país, sería un retroceso, sería retrogradar. Es decir, mira, no sólo regresar a lo que fue el gobierno de Zedillo, mucho más atrás. Si revisas la historia, un caso de desafuero, aunque no llegó a eso porque lo obligaron a renunciar, fue el del papá precisamente del actual presidente del PRI. Ese tipo de cosas deberían de darnos vergüenza a todos.",0.0,72,16,08,2024
PRESIDENTE ANDRES MANUEL LOPEZ OBRADOR,"Tú sabes, en esencia —y además qué bueno que permites comunicarlo bien a la gente— en esencia me van a destituir, porque eso del desafuero a veces no se entiende bien. Porque es una destitución.",0.0,35,16,08,2024
PRESIDENTE ANDRES MANUEL LOPEZ OBRADOR,"CIRO GÓMEZ LEYVA: Por un delito no grave, ¿eh?, también hemos dicho, no es grave.",0.0,15,16,08,2024
PRESIDENTE ANDRES MANUEL LOPEZ OBRADOR,"ANDRÉS MANUEL LÓPEZ OBRADOR: Sí. Es destitución, inhabilitación, que es en el fondo lo que quieren, y cárcel. Pero ¿sabes por qué?, por intentar abrir una calle y comunicar a un hospital.",0.0,32,16,08,2024
PRESIDENTE ANDRES MANUEL LOPEZ OBRADOR,CIRO GÓMEZ LEYVA: Lo hemos dicho.,0.0,6,16,08,2024
PRESIDENTE ANDRES MANUEL LOPEZ OBRADOR,"ANDRÉS MANUEL LÓPEZ OBRADOR: Entonces, imagínate qué van a decir a estos que les gusta hablar de la globalidad y demás, qué van a decir en Europa los alemanes, los suizos, van a decir: ‘En México realmente las cosas ya están cambiando para bien, ahora sí hay Estado de derecho, hay legalidad. Si al alcalde de la Ciudad de México lo destituyen por intentar abrir una calle para un hospital, pues quiere decir que ya en México se está castigando a todos los que han saqueado el país, ya no hay impunidad’. Imagínate qué mensaje se va a dar.",0.0,99,16,08,2024
PRESIDENTE ANDRES MANUEL LOPEZ OBRADOR,"Entonces, no nos adelantemos, Ciro, vamos a esperar. Mira, yo estoy acostumbrado a luchar y estoy acostumbrado a no dejarme.Entonces, vamos a esperar.",0.0,23,16,08,2024
PRESIDENTE ANDRES MANUEL LOPEZ OBRADOR,CIRO GÓMEZ LEYVA: Lo veremos.,0.0,5,16,08,2024
PRESIDENTE ANDRES MANUEL LOPEZ OBRADOR,"Dos preguntas breves, finales, Andrés Manuel, una obsesión, yo te quería hacer desde hace tiempo: ¿Por qué no has dicho —cuatro meses de los videos— por qué no has dicho con todas sus palabras que Ponce y Bejarano son unos delincuentes? ¿Por qué no lo has dicho?",0.0,47,16,08,2024
PRESIDENTE ANDRES MANUEL LOPEZ OBRADOR,ANDRÉS MANUEL LÓPEZ OBRADOR: No sólo lo he dicho.,0.0,9,16,08,2024
PRESIDENTE ANDRES MANUEL LOPEZ OBRADOR,"CIRO GÓMEZ LEYVA: No, pero así con esa contundencia.",0.0,9,16,08,2024
PRESIDENTE ANDRES MANUEL LOPEZ OBRADOR,"ANDRÉS MANUEL LÓPEZ OBRADOR: No. Por eso, por eso.",0.0,9,16,08,2024
PRESIDENTE ANDRES MANUEL LOPEZ OBRADOR,CIRO GÓMEZ LEYVA: Es que otra vez…,0.0,7,16,08,2024
PRESIDENTE ANDRES MANUEL LOPEZ OBRADOR,"ANDRÉS MANUEL LÓPEZ OBRADOR: Espérate. No, no, no.",0.0,8,16,08,2024
PRESIDENTE ANDRES MANUEL LOPEZ OBRADOR,CIRO GÓMEZ LEYVA: Que son unos pillos y unos delincuentes.,0.0,10,16,08,2024
PRESIDENTE ANDRES MANUEL LOPEZ OBRADOR,"ANDRÉS MANUEL LÓPEZ OBRADOR: No, pero ¿por qué voy a usar yo tus palabras? O sea, yo no estoy acostumbrado a actuar así. Mira, no me gusta la espectacularidad.",0.0,29,16,08,2024
PRESIDENTE ANDRES MANUEL LOPEZ OBRADOR,"CIRO GÓMEZ LEYVA: Sí lo dices con otros, a Carlos Ahumada lo has dicho, lo dices con alguna gente del gobierno, les dices trúhanes, les dices quién sabe qué.",0.0,29,16,08,2024
PRESIDENTE ANDRES MANUEL LOPEZ OBRADOR,"ANDRÉS MANUEL LÓPEZ OBRADOR: No, jamás, jamás le he dicho a Ahumada truhan, jamás le he dicho pillo.",0.0,18,16,08,2024
PRESIDENTE ANDRES MANUEL LOPEZ OBRADOR,CIRO GÓMEZ LEYVA: ¿Hampón?,0.0,4,16,08,2024
PRESIDENTE ANDRES MANUEL LOPEZ OBRADOR,ANDRÉS MANUEL LÓPEZ OBRADOR: No.,0.0,5,16,08,2024
PRESIDENTE ANDRES MANUEL LOPEZ OBRADOR,CIRO GÓMEZ LEYVA: ¿No?,0.0,4,16,08,2024
PRESIDENTE ANDRES MANUEL LOPEZ OBRADOR,"ANDRÉS MANUEL LÓPEZ OBRADOR: No, no me gusta usar ese lenguaje.",0.0,11,16,08,2024
PRESIDENTE ANDRES MANUEL LOPEZ OBRADOR,"Lo que te quiero decir es lo siguiente: el caso de Ponce, está prófugo.",0.0,14,16,08,2024
PRESIDENTE ANDRES MANUEL LOPEZ OBRADOR,"El caso de Bejarano, hay un procedimiento legal, se está pidiendo un desafuero porque no se le puede juzgar, desde el primer día lo hicimos, no se le puede juzgar teniendo fuero. Si el procurador consigna al juez la averiguación en contra de Bejarano y él se ampara, él gana el amparo porque tiene fuero. Entonces se está siguiendo el procedimiento adecuado.",0.0,62,16,08,2024
PRESIDENTE ANDRES MANUEL LOPEZ OBRADOR,"Ahora, en este caso, qué bien que lo tocas, esto es parte también de esta cadena de ataques. Cuando hablamos de complot, ¡uf!, se nos lanzaron todos, que ya estaba yo delirando.",0.0,32,16,08,2024
PRESIDENTE ANDRES MANUEL LOPEZ OBRADOR,"Digo, vamos, todavía no me dan disculpas, me ofrecen disculpas, así como tú lo estás planteando, cuando sacaban páginas completas en los periódicos pidiendo que yo pagara lo del paraje San Juan, los mil 800 millones de pesos, ahora se demostró que era un fraude.",0.0,45,16,08,2024
PRESIDENTE ANDRES MANUEL LOPEZ OBRADOR,"Ahora, en el caso de los videos, qué bueno que lo tocas, dijimos: un complot. Y está demostrado, está demostrado que Ahumada recibió apoyo de altos funcionarios del gobierno federal.",0.0,30,16,08,2024
PRESIDENTE ANDRES MANUEL LOPEZ OBRADOR,"CIRO GÓMEZ LEYVA: Ellos dicen que no, ellos dicen que no está demostrada nada, y así nos podemos quedar.",0.0,19,16,08,2024
PRESIDENTE ANDRES MANUEL LOPEZ OBRADOR,"ANDRÉS MANUEL LÓPEZ OBRADOR: Por eso. Y lo dijo Ahumada. Vamos a esperarnos. Ya van a venir las 40 horas de declaraciones de Ahumada en Cuba, se están solicitando.",0.0,29,16,08,2024
PRESIDENTE ANDRES MANUEL LOPEZ OBRADOR,"CIRO GÓMEZ LEYVA: Y ya entregaron videos ustedes también, lo van a entregar al Instituto Electoral.",0.0,16,16,08,2024
PRESIDENTE ANDRES MANUEL LOPEZ OBRADOR,"ANDRÉS MANUEL LÓPEZ OBRADOR: Así es, así es.",0.0,8,16,08,2024
PRESIDENTE ANDRES MANUEL LOPEZ OBRADOR,"CIRO GÓMEZ LEYVA: ¿Ya los vistes, por cierto, estos videos? ¿No los has visto?",0.0,14,16,08,2024
PRESIDENTE ANDRES MANUEL LOPEZ OBRADOR,"ANDRÉS MANUEL LÓPEZ OBRADOR: No, no, todavía no, no los he visto.",0.0,12,16,08,2024
PRESIDENTE ANDRES MANUEL LOPEZ OBRADOR,CIRO GÓMEZ LEYVA: ¿No?,0.0,4,16,08,2024
PRESIDENTE ANDRES MANUEL LOPEZ OBRADOR,ANDRÉS MANUEL LÓPEZ OBRADOR: No.,0.0,5,16,08,2024
PRESIDENTE ANDRES MANUEL LOPEZ OBRADOR,CIRO GÓMEZ LEYVA: ¿No te los enseñó el procurador Bátiz?,0.0,10,16,08,2024
PRESIDENTE ANDRES MANUEL LOPEZ OBRADOR,"ANDRÉS MANUEL LÓPEZ OBRADOR: No, no, no. Yo trabajo desde las 6:00 de la mañana.",0.0,15,16,08,2024
PRESIDENTE ANDRES MANUEL LOPEZ OBRADOR,"CIRO GÓMEZ LEYVA: Por eso. ¿No te los enseñó, Andrés Manuel? ¿No te ha dado curiosidad de saber? ¿No les has dicho al procurador: ‘Oiga, procurador, ¿qué hay en esto?",0.0,30,16,08,2024
PRESIDENTE ANDRES MANUEL LOPEZ OBRADOR,"ANDRÉS MANUEL LÓPEZ OBRADOR: No, no, no puedo estar metido en eso nada más. O sea, tengo muchas tareas qué hacer, tengo muchas cosas que realizar en beneficio de la ciudad, estoy trabajando para eso, estoy entregado a trabajar para el bien de la ciudad, y creo que lo estamos haciendo bien y vamos a seguir trabajando.",0.0,57,16,08,2024
PRESIDENTE ANDRES MANUEL LOPEZ OBRADOR,"CIRO GÓMEZ LEYVA: ¿Tienes plena confianza en tu secretario general de gobierno, Alejandro Encinas?",0.0,14,16,08,2024
PRESIDENTE ANDRES MANUEL LOPEZ OBRADOR,"ANDRÉS MANUEL LÓPEZ OBRADOR: Tengo confianza en él, tengo confianza en todos los servidores públicos.",0.0,15,16,08,2024
PRESIDENTE ANDRES MANUEL LOPEZ OBRADOR,"CIRO GÓMEZ LEYVA: En todos. ¿En Marcelo Ebrard, secretario de Seguridad Pública?",0.0,12,16,08,2024
PRESIDENTE ANDRES MANUEL LOPEZ OBRADOR,"ANDRÉS MANUEL LÓPEZ OBRADOR: Desde luego. En el maestro Bátiz, en todo el equipo.",0.0,14,16,08,2024
PRESIDENTE ANDRES MANUEL LOPEZ OBRADOR,"Y, desde luego, hay una regla muy clara. O sea, tienen toda la confianza, por eso los convoqué a participar, porque consideramos que lo fundamental son los principios, los ideales, la entrega, la sensibilidad social, pero si alguno de ellos se desvía, comete un error, un acto de corrupción, se le va a juzgar. Yo soy juarista y ni a mis familiares les toleraría un acto de corrupción.",0.0,68,16,08,2024
PRESIDENTE ANDRES MANUEL LOPEZ OBRADOR,"CIRO GÓMEZ LEYVA: Muy bien. Pues agradecemos mucho, Andrés Manuel.",0.0,10,16,08,2024
PRESIDENTE ANDRES MANUEL LOPEZ OBRADOR," Muchas gracias, Ciro.",0.0,3,16,08,2024
PRESIDENTE ANDRES MANUEL LOPEZ OBRADOR,"CIRO GÓMEZ LEYVA: Te deseamos suerte, suerte. Viene un segundo semestre durísimo. Y aquí lo vamos a estar siguiendo esta noche.",0.0,21,16,08,2024
PRESIDENTE ANDRES MANUEL LOPEZ OBRADOR,"ANDRÉS MANUEL LÓPEZ OBRADOR: Ya nos estamos acostumbrando, no te preocupes.",0.0,11,16,08,2024
PRESIDENTE ANDRES MANUEL LOPEZ OBRADOR,"CIRO GÓMEZ LEYVA: Sí, aguanta, aguanta, aguanta el cuero, resiste más.",0.0,11,16,08,2024
PRESIDENTE ANDRES MANUEL LOPEZ OBRADOR,"ANDRÉS MANUEL LÓPEZ OBRADOR: Resiste, no tenemos…",0.0,7,16,08,2024
PRESIDENTE ANDRES MANUEL LOPEZ OBRADOR,CIRO GÓMEZ LEYVA: ¿No estás muy lastimado?,0.0,7,16,08,2024
PRESIDENTE ANDRES MANUEL LOPEZ OBRADOR,"ANDRÉS MANUEL LÓPEZ OBRADOR: No. No tenemos la piel tan delgadita; sabemos, venimos de la oposición, estamos acostumbrados a enfrentar a los aparatos.",0.0,23,16,08,2024
PRESIDENTE ANDRES MANUEL LOPEZ OBRADOR,"CIRO GÓMEZ LEYVA: Pero no esto, no esto.",0.0,8,16,08,2024
PRESIDENTE ANDRES MANUEL LOPEZ OBRADOR,"ANDRÉS MANUEL LÓPEZ OBRADOR: Pero fíjate que antes luchábamos a campo abierto, a la intemperie, solos, en Tabasco, era una lucha regional. Ahora soy el jefe de Gobierno de la Ciudad de México",0.0,33,16,08,2024
PRESIDENTE ANDRES MANUEL LOPEZ OBRADOR,CIRO GÓMEZ LEYVA: Bueno. ¿Cómo está la salud? ¿Bien?,0.0,9,16,08,2024
PRESIDENTE ANDRES MANUEL LOPEZ OBRADOR,ANDRÉS MANUEL LÓPEZ OBRADOR: Muy bien.,0.0,6,16,08,2024
PRESIDENTE ANDRES MANUEL LOPEZ OBRADOR,CIRO GÓMEZ LEYVA: ¿Bien? ¿No te ha pegado todo esto?,0.0,10,16,08,2024
PRESIDENTE ANDRES MANUEL LOPEZ OBRADOR,"ANDRÉS MANUEL LÓPEZ OBRADOR: No, no, no, estamos enteros, muy bien. Gozamos de cabal salud.",0.0,15,16,08,2024
PRESIDENTE ANDRES MANUEL LOPEZ OBRADOR,"CIRO GÓMEZ LEYVA: Hablo de salud física, bien, muy bien. Pues suerte, Andrés Manuel. Muchas gracias.",0.0,16,16,08,2024
PRESIDENTE ANDRES MANUEL LOPEZ OBRADOR,"ANDRÉS MANUEL LÓPEZ OBRADOR: Muchas gracias, Ciro. Muchísimas gracias.",0.0,9,16,08,2024
PRESIDENTE ANDRES MANUEL LOPEZ OBRADOR,CIRO GÓMEZ LEYVA: Gracias a Andrés Manuel López Obrador. Nosotros vamos a hacer una pausa.,0.0,15,16,08,2024
PRESIDENTE ANDRES MANUEL LOPEZ OBRADOR,(FINALIZA VIDEO),0.0,2,16,08,2024
PRESIDENTE ANDRES MANUEL LOPEZ OBRADOR," Eso es cuando el desafuero. Y salimos. ¿Y quién nos sacó adelante? La gente, el pueblo.",0.0,16,16,08,2024
PRESIDENTE ANDRES MANUEL LOPEZ OBRADOR,"Para los jóvenes, en ese entonces se movilizaron como un millón de personas. Ya nos habían desaforado, ya estaba yo nada más esperando la orden de aprehensión y no se atrevieron, y hubo unas movilizaciones enormes.",0.0,36,16,08,2024
PRESIDENTE ANDRES MANUEL LOPEZ OBRADOR,"Por eso, yo nada más les debo lo que soy. Y lo más importante: la transformación que hemos logrado en nuestro país la ha hecho el pueblo de México, es una hazaña de los mexicanos, de todos los mexicanos y debemos de sentirnos orgullosos. No hay una experiencia así de los últimos años, de una transformación pacífica.",0.0,57,16,08,2024
PRESIDENTE ANDRES MANUEL LOPEZ OBRADOR,"Y lo que viene, la presidenta Claudia Sheinbaum, una giganta, la mejor presidenta del mundo. Conozco cómo son, y los respeto mucho, a los jefes de Estado, presidentes, primeros ministros, los he tenido cerca, y soy mirón profesional; y si no los conozco personalmente, sí he leído de ellos, he estado al tanto de lo que sucede, y por eso creo que vamos a tener muy buen gobierno, y eso me tranquiliza bastante.",0.0,73,16,08,2024
PRESIDENTE ANDRES MANUEL LOPEZ OBRADOR,"INTERLOCUTOR: Y ya para acabar, presidente, confirmar si envió esta carta a su homólogo Joe Biden sobre el financiamiento Mexicanos contra la Corrupción.",0.0,23,16,08,2024
PRESIDENTE ANDRES MANUEL LOPEZ OBRADOR,"Y saber si incluyó el tema de Ismael ‘el Mayo’ Zambada, dado que ya a tres semanas, como mencionó ayer, pues sigue sin haber esta información. Sabemos ya que la fiscalía también hizo lo propio con el Departamento de Justicia, la canciller Alicia Bárcena había pedido información al Departamento de Estado, pero saber si usted hizo lo propio con Joe Biden.",0.0,61,16,08,2024
PRESIDENTE ANDRES MANUEL LOPEZ OBRADOR," No. Básicamente es una carta para lo del financiamiento que le otorga el gobierno de Estados Unidos a Claudio X. González y a la señora Amparo Casar, y a la asociación que manejan.",0.0,33,16,08,2024
PRESIDENTE ANDRES MANUEL LOPEZ OBRADOR,"Y ya ayer se envió la nota diplomática, que no sabía, pero hoy en la mañana me enteró la secretaria de Relaciones Exteriores que es la segunda, que ya enviamos una en el 2021 y no le hicieron caso, y ayer envío otra, una nota de protesta.",0.0,47,16,08,2024
PRESIDENTE ANDRES MANUEL LOPEZ OBRADOR,"Y yo ya tengo el borrador de la carta, pero ayer tuve mucho trabajo. Y además, se la voy a enviar y quiero que él… Cerciorarme de que le llegue para después darla a conocer.",0.0,35,16,08,2024
PRESIDENTE ANDRES MANUEL LOPEZ OBRADOR,"Bueno, vámonos a ir uno y uno. Esteban Durán.",0.0,9,16,08,2024
PRESIDENTE ANDRES MANUEL LOPEZ OBRADOR,"PREGUNTA: Gracias. Esteban Durán, Vanguardia, Veracruz.",0.0,6,16,08,2024
PRESIDENTE ANDRES MANUEL LOPEZ OBRADOR,"Presidente, en los años 70, el Complejo Petroquímico Escolín, pues pasó de ser de días de gloria a ser ya chatarra, Pemex lo abandonó en su momento. Y fue también un desarrollo económico para lo que era Poza Rica y varias regiones, pero lamentablemente esto se fue degradando, lo fueron olvidando hasta que se cerró sus plantas a raíz de una explosión que hubo y falleció un obrero.",0.0,68,16,08,2024
PRESIDENTE ANDRES MANUEL LOPEZ OBRADOR,"Ahora, presidente, con la gestión que realizó la futura gobernadora de ese estado, Rocío Nahle, cuando directora de la Secretaría de Energía, pues ella gestionó que se hiciera una planta de petroquímicos ahí; una planta de fertilizantes, perdón. Igualmente, esto traerá beneficio a los miles de habitantes que están en Poza Rica y de otras regiones; sin embargo, ellos lo que quieren es que no pase lo que sucedió con esta planta de Escolín, que se dejó abandonada porque obviamente caería nuevamente en una depresión económica y se perderían miles de fuentes de empleo.",0.0,94,16,08,2024
PRESIDENTE ANDRES MANUEL LOPEZ OBRADOR,"Esta nueva planta de fertilizantes, presidente, va a ser inaugurada, bueno, se va a empezar a construir a partir del 1 de octubre. Usted señaló que iba a ir a Veracruz el lunes pasado. No sé si usted irá junto con la futura gobernadora, así como la presidenta electa, pues a entregar simbólicamente estas obras en beneficio de la comunidad.",0.0,60,16,08,2024
PRESIDENTE ANDRES MANUEL LOPEZ OBRADOR,"¿Y esto será, presidente, el augurio? ¿Usted cómo lo ve? ¿El augurio para los veracruzanos con la nueva gobernadora y junto con la presidenta, presidente? ¿Qué representa esto para los veracruzanos? ¿Será el augurio de un estado boyante?",0.0,38,16,08,2024
PRESIDENTE ANDRES MANUEL LOPEZ OBRADOR," Bueno, yo creo que es un buen proyecto. Poza Rica era la capital del petróleo durante mucho tiempo, ahí estaba el desarrollo de todo lo que fue el campo conocido como la Faja de Oro en la época de las compañías petroleras extranjeras y se abandonó.",0.0,46,16,08,2024
PRESIDENTE ANDRES MANUEL LOPEZ OBRADOR,"Poza Rica es un pueblo damnificado por la política neoliberal o neoporfirista, que se empezó a aplicar en 1983 y se intensificó con Carlos Salinas de Gortari, entonces se vino abajo todo ese complejo petrolero y quedó el terreno nada más, es un terreno grande, con buenas instalaciones. Y ante el abandono de Poza Rica, que es una infamia, porque no se volvió a invertir en Pemex, ahora se decide utilizar ese terreno para construir una planta grande, grande, de fertilizante, y es una sociedad que está haciendo Pemex con una empresa particular.",0.0,93,16,08,2024
PRESIDENTE ANDRES MANUEL LOPEZ OBRADOR,INTERLOCUTOR: Portuguesa.,0.0,2,16,08,2024
PRESIDENTE ANDRES MANUEL LOPEZ OBRADOR," Sí, con Mota Engil. Entonces, ya van a comenzar la construcción. Esto va a generar muchos empleos para Poza Rica.",0.0,20,16,08,2024
PRESIDENTE ANDRES MANUEL LOPEZ OBRADOR,"Y se tiene el gas que se requiere para el amoníaco para producir los fertilizantes, se tiene el agua, el terreno, los ductos. Y va a ser una muy buena obra. Ya no nos dio tiempo a nosotros de iniciarla y concluirla, porque a nosotros nos tocó levantar las plantas que compraron a precios elevadísimos, los gobiernos anteriores, también de fertilizantes. Y ya están produciendo estas plantas, fertilizante, estamos entregando un millón de toneladas de fertilizantes a dos millones de productores del campo de manera gratuita. Pero no todo el fertilizante que se entrega lo estamos produciendo en las plantas que recibieron, que se heredaron y se estaban convirtiendo en chatarra; las rehabilitamos, de todas maneras, no todo se produce en estas plantas, y hace falta más fertilizante; por eso este proyecto va a ayudar mucho.",0.0,136,16,08,2024
PRESIDENTE ANDRES MANUEL LOPEZ OBRADOR,"Y yo espero que este proyecto se replique. Hay una planta también abandonada en Chihuahua, en Camargo, que quedó desde ese entonces en el abandono y que puede también convertirse en una planta para producir fertilizantes porque hay cerca ductos de gas.",0.0,42,16,08,2024
PRESIDENTE ANDRES MANUEL LOPEZ OBRADOR,"Y hay también la posibilidad de construir otra planta de fertilizantes en Sinaloa con el propósito de que podamos ser autosuficientes, como lo fuimos en fertilizantes, porque esto significa producir alimentos, ir hacia la autosuficiencia alimentaria.",0.0,36,16,08,2024
PRESIDENTE ANDRES MANUEL LOPEZ OBRADOR,"Entonces, es una buena noticia para la gente de Poza Rica, porque sólo en la fase constructiva se le va a dar mucho trabajo a la gente, una planta de estas ocupa de tres a cinco mil obreros, trabajadores de la construcción, eso es lo que se ocupa.",0.0,48,16,08,2024
PRESIDENTE ANDRES MANUEL LOPEZ OBRADOR,"Una refinería, por ejemplo, la de Dos Bocas, llegó a tener hasta 40 mil trabajadores. Son obras muy buenas porque generan muchos empleos y se reactiva la economía regional.",0.0,29,16,08,2024
PRESIDENTE ANDRES MANUEL LOPEZ OBRADOR,"Ya no me va a dar tiempo ir, pero ya se firmó el convenio con la empresa.",0.0,17,16,08,2024
PRESIDENTE ANDRES MANUEL LOPEZ OBRADOR,"Le vamos a pedir al director de Pemex que, antes de que terminemos, que venga, porque también se logró otro convenio para la extracción de gas de unas plataformas en el golfo, en la parte litoral del estado de Veracruz. Dejaron tiradas unas plataformas de producción de gas, dejaron enterrados como dos mil millones de dólares; nos preocupaba mucho eso.",0.0,60,16,08,2024
PRESIDENTE ANDRES MANUEL LOPEZ OBRADOR,"Y, afortunadamente, ya se logró firmar un convenio con la empresa Carso; van a invertir también como mil 500, dos mil millones de dólares, y se van a rescatar esas instalaciones, que, si no, se quedarían ahí y se convertirían en chatarra, ya con una inversión del sexenio anterior de como dos mil millones de dólares. Entonces, que también nos explique sobre eso.",0.0,63,16,08,2024
PRESIDENTE ANDRES MANUEL LOPEZ OBRADOR,"Y hay otro proyecto en puerta, muy bueno, que es el aprovechamiento del gas en Cantarell, este campo que fue muy importante, uno de los campos petroleros más importantes del mundo, que lo manejaron de manera irracional, lo agotaron en muy poco tiempo. Llegó a producir Cantarell más de dos millones de barriles diarios, y ahora está produciendo como 80, como 100 mil barriles, porque por extraer petróleo, intervinieron los pozos y los contaminaron con nitrógeno, y demasiado gas, y se tiene que quemar gas de todo el yacimiento, gas a la atmósfera. Y ahora el proyecto que tiene Pemex es poder utilizar todo ese gas para no quemarlo. Y ya van a licitar también ese proyecto y va a ayudar mucho, son de las cosas que están pendientes.",0.0,129,16,08,2024
PRESIDENTE ANDRES MANUEL LOPEZ OBRADOR,INTERLOCUTOR: ¿No alcanzará usted a llegar ahí para inaugurar y entregar estas obras a quienes se van a ver beneficiados con eso?,0.0,22,16,08,2024
PRESIDENTE ANDRES MANUEL LOPEZ OBRADOR, Es que ya me queda poco tiempo. Tengo que ir a 10 o 15 sitios todavía; por ejemplo:,0.0,18,16,08,2024
PRESIDENTE ANDRES MANUEL LOPEZ OBRADOR,Tengo que ir a entregar el acueducto de La Laguna.,0.0,10,16,08,2024
PRESIDENTE ANDRES MANUEL LOPEZ OBRADOR,"Tengo que ir a entregar los tramos que faltan de la autopista, de la carretera de Guadalajara a Nayarit, a Vallarta.",0.0,21,16,08,2024
PRESIDENTE ANDRES MANUEL LOPEZ OBRADOR,"Tengo que ir a entregar la base naval de Boca de Chila, en Nayarit.",0.0,14,16,08,2024
PRESIDENTE ANDRES MANUEL LOPEZ OBRADOR,"Tengo que ir a entregar caminos en distintas partes; por ejemplo, la construcción del camino, la ampliación de la carretera de Ciudad Valle a Tamazunchale.",0.0,25,16,08,2024
PRESIDENTE ANDRES MANUEL LOPEZ OBRADOR,"Tengo que ir a inaugurar el camino a Tayoltita, en Sinaloa.",0.0,11,16,08,2024
PRESIDENTE ANDRES MANUEL LOPEZ OBRADOR,Tengo que ir a inaugurar el acueducto y el sistema de riego con los yaquis.,0.0,15,16,08,2024
PRESIDENTE ANDRES MANUEL LOPEZ OBRADOR,"Tengo que ir a inaugurar el camino hacia Chihuahua de Guaymas, y también obras del puerto en Guaymas, el arreglo de las calles que se hizo en Guaymas.",0.0,28,16,08,2024
PRESIDENTE ANDRES MANUEL LOPEZ OBRADOR,Tengo que ir a inaugurar la nueva oficina de aduanas en Nuevo Laredo.,0.0,13,16,08,2024
PRESIDENTE ANDRES MANUEL LOPEZ OBRADOR,Tengo que ir a inaugurar el Tren Maya.,0.0,8,16,08,2024
PRESIDENTE ANDRES MANUEL LOPEZ OBRADOR,Tengo que ir a inaugurar el tren Palenque-Coatzacoalcos. Ojalá y pueda.,0.0,11,16,08,2024
PRESIDENTE ANDRES MANUEL LOPEZ OBRADOR,"Nos están costando trabajo unos taludes, es un suelo muy inestable, porque no hay cosa que… Bueno, de las cosas que deseo es entregar la carretera de Oaxaca al istmo, y nos está costando, nos está costando trabajo 200 metros que traemos derrumbes constantes por lo inestable del suelo, y ya se optó por un túnel. Pero están trabajando a marchas forzadas.",0.0,62,16,08,2024
PRESIDENTE ANDRES MANUEL LOPEZ OBRADOR,"Tengo que ir a inaugurar dos hospitales. No dos, 10 hospitales.: tengo que inaugurar el hospital de Acapulco, del Issste, hospital del Issste; y la nueva sede del Politécnico Nacional, en Palenque; hospital en Tuxtepec, Oaxaca, hospital en Tlapa, Guerrero.",0.0,40,16,08,2024
PRESIDENTE ANDRES MANUEL LOPEZ OBRADOR,"Muchas, muchas obras, pero, si puedo, paso a Poza Rica.",0.0,10,16,08,2024
PRESIDENTE ANDRES MANUEL LOPEZ OBRADOR,"INTERLOCUTOR: Sin duda se lo agradecerán mucho los pozarricenses, presidente.",0.0,10,16,08,2024
PRESIDENTE ANDRES MANUEL LOPEZ OBRADOR," Sí, pero ahí viene el nuevo gobierno, ahí viene el nuevo gobierno. Por eso estoy muy contento, porque todo esto va a tener continuidad y nuevas obras, nuevas obras.",0.0,29,16,08,2024
PRESIDENTE ANDRES MANUEL LOPEZ OBRADOR,"INTERLOCUTOR: Bien, gracias, presidente.",0.0,4,16,08,2024
PRESIDENTE ANDRES MANUEL LOPEZ OBRADOR,"En otro tema, ahí mismo, de Veracruz, un grupo de 100 personas, entre mujeres y hombres, jornaleros, todos ellos carecen de tierras para poder sembrar, producir lo que en esa región se da. Piden a usted que si se puede interceder para poder lograr un terreno, que ya lo tienen ubicado —ellos son habitantes de Martínez de la Torre y San Rafael, allá en Veracruz— para que de esta manera ellos puedan tener su manera de vivir.",0.0,77,16,08,2024
PRESIDENTE ANDRES MANUEL LOPEZ OBRADOR,"Ya han intentado comprar otros terrenos; sin embargo, hay vivales que les han quitado su dinero, los han defraudado y ya lo dan por perdido, personas que tuvieron que vender incluso, sus casas, etcétera, para poder pagar a estas personas que los timaron.",0.0,43,16,08,2024
PRESIDENTE ANDRES MANUEL LOPEZ OBRADOR,"Es por eso que demandan su intervención. Ya sabemos que ellos están conscientes de que le queda poco, pero que quede la tarea para las siguientes administraciones. Cien personas de San Rafael y de Martínez de Torre en Veracruz que desean un terreno para que ellos puedan producir, presidente.",0.0,49,16,08,2024
PRESIDENTE ANDRES MANUEL LOPEZ OBRADOR,"Y, finalmente, otro tema, esto es Puebla, donde los gobiernos panistas de Moreno Valle y Antonio Gali, bueno, ahí se infiltraron, en oficinas del Registro Civil estatal, una red delincuencial que hizo uso ilegal de sus facultades para el registro de ciudadanos extranjeros con calidad de mexicanos, registrando a migrantes de China como mexicanos, presidente, eso es lo que se dio en esas administraciones.",0.0,64,16,08,2024
PRESIDENTE ANDRES MANUEL LOPEZ OBRADOR,"Igual, se sabe que el Instituto Nacional de Migración y el Registro Nacional de Población ha identificado dichos movimientos irregulares y que desde el segundo semestre del año pasado se le da seguimiento a esta red, que no ha podido ser desarticulada por el actual gobierno, que no fue desarticulada, perdón, en el gobierno de Barbosa, y que están retomando fuerza e influencia con la llegada del actual gobernador Sergio Salomón.",0.0,71,16,08,2024
PRESIDENTE ANDRES MANUEL LOPEZ OBRADOR,"Él quiere, desea, aspira, estar presente, participar en el gobierno de la presidenta Claudia Sheinbaum, quiere sumarse ahí precisamente en este instituto, para acabar con este cáncer y que tome su, su… como debe de ser, que ayude verdaderamente al migrante.",0.0,41,16,08,2024
PRESIDENTE ANDRES MANUEL LOPEZ OBRADOR,"¿Usted tiene conocimiento de esta situación, presidente? ¿Se harán las investigaciones para que de esta manera ya se acaben estas irregularidades?",0.0,21,16,08,2024
PRESIDENTE ANDRES MANUEL LOPEZ OBRADOR," Pues nos entregas la información, lo vemos con Jesús. Y lo de los campesinos también, para ver qué podemos hacer.",0.0,20,16,08,2024
PRESIDENTE ANDRES MANUEL LOPEZ OBRADOR,"A ver, vamos contigo y luego Demian. Ya Demian ya no, lo vamos a brincar porque ya contesté todo lo de Sonora.",0.0,22,16,08,2024
PRESIDENTE ANDRES MANUEL LOPEZ OBRADOR,"PREGUNTA: Buenos días, señor presidente; buenos días.",0.0,7,16,08,2024
PRESIDENTE ANDRES MANUEL LOPEZ OBRADOR,"Diego Elías Cedillo, del Sistema Informativo de Tabasco, DiarioPresente.",0.0,9,16,08,2024
PRESIDENTE ANDRES MANUEL LOPEZ OBRADOR,"Señor presidente, quiero aprovechar precisamente lo que comentaba de la gira de este fin de semana que va a llevar a cabo ya con la presidenta electa, la doctora Claudia Sheinbaum, que, si no me equivoco, van 10 fines de semana saliendo de manera conjunta, es una gira histórica. Incluso me llama mucho la atención, hay una foto de una gira de Oaxaca histórica verdaderamente, un fotógrafo de Presidencia la tomó, que sale usted, la doctora y una niña pequeña, una selfie, salen tomándose ambos. Nunca había ocurrido esto en el país.",0.0,92,16,08,2024
PRESIDENTE ANDRES MANUEL LOPEZ OBRADOR,"Preguntarle, presidente, en este contexto: ya sabemos que, bueno, usted se acompaña de la presidenta electa, platica, etcétera, pero ¿cómo son estas giras de trabajo? O sea, mi pregunta va enfocada a: usted llega al sitio de la gira, en este caso, por ejemplo, sería Colima, y está todo el día con la doctora Claudia Sheinbaum, pero ¿qué platican más allá de las reuniones de trabajo? No tanto el tema de la política, sino ¿platican anécdotas?, ¿ella le cuenta temas?, ¿le pregunta: ‘oiga, presidente, a esta obra le hace falta, quizás, apretarle un poco más esta tuerza’? Cosas de ese sentido. ¿Comen juntos, presidente? ¿Se reúnen con las y los gobernadores?",0.0,111,16,08,2024
PRESIDENTE ANDRES MANUEL LOPEZ OBRADOR,"Tengo entendido que también hay reuniones de trabajo muy puntuales. Por ejemplo, en Nuevo León, el programa de Jóvenes Construyendo el Futuro, que se va a dar este domingo. Entonces, presidente, preguntarle puntualmente cómo son estas reuniones que ha tenido con la doctora Claudia Sheinbaum.",0.0,45,16,08,2024
PRESIDENTE ANDRES MANUEL LOPEZ OBRADOR,"Y a la par, aprovechando esta coyuntura, tengo entendido que hoy en la tarde hay una reunión de trabajo en Morelia, una reunión, una gira privada. Preguntarle sobre el tema del aumento al limón, presidente, al precio del limón, si es una especulación de los productores, si obedece a un tema de inseguridad, preguntarle también en este contexto de las giras que tiene con la doctora Sheinbaum. Gracias.",0.0,68,16,08,2024
PRESIDENTE ANDRES MANUEL LOPEZ OBRADOR," Bueno, tratamos temas de distintos asuntos, aspectos. Por ejemplo, estuvimos en Juárez y ahí lo que se hizo fue una revisión de todo el sistema del IMSS denominado Ordinario, o sea, el que atiende a derechohabientes. Ahí el director Zoé explicó cuántos trabajadores y sus familias son atendidos, cuál es la infraestructura que se tiene, qué hospitales nuevos se están construyendo. Por ejemplo, ese hospital de Juárez, aquí en la calzada Zaragoza se está construyendo otro del IMSS ordinario, un hospital que se afectó con los sismos en Puebla que está avanzando en su construcción. Ese tema, por ejemplo.",0.0,99,16,08,2024
PRESIDENTE ANDRES MANUEL LOPEZ OBRADOR,"En Torreón hicimos una revisión del Issste, todo lo relacionado con el Issste.",0.0,13,16,08,2024
PRESIDENTE ANDRES MANUEL LOPEZ OBRADOR,En Oaxaca hicimos una revisión de todo lo que se está haciendo en caminos.,0.0,14,16,08,2024
PRESIDENTE ANDRES MANUEL LOPEZ OBRADOR,"En Nayarit todo lo que es el Plan Nayarit, que comprende la construcción de caminos para comunidades coras, huicholes, tepehuanos, mexicaneros.",0.0,21,16,08,2024
PRESIDENTE ANDRES MANUEL LOPEZ OBRADOR,"Las carreteras, muchos no saben, pero llevaban con 10, 15 años construyendo la carretera de Guadalajara a Puerto Vallarta, se hacían seis horas de Guadalajara a Vallarta. Y empezaron a construir una autopista; no la terminaban. Y ahora se hacen, cuando mucho, tres horas porque ya está terminada prácticamente toda la carretera; sólo falta un tramo, que es la llegada al aeropuerto de Vallarta. Pero desde Guadalajara a Vallarta dos horas y media a tres horas. Eso lo terminamos.",0.0,79,16,08,2024
PRESIDENTE ANDRES MANUEL LOPEZ OBRADOR,"Entonces, hablamos de eso.",0.0,4,16,08,2024
PRESIDENTE ANDRES MANUEL LOPEZ OBRADOR,"Los Programas de Bienestar. Por ejemplo, en Aguascalientes tratamos lo de adulto mayor, lo de personas con discapacidad, ya se evaluó el programa Sembrando Vida de manera conjunta.",0.0,28,16,08,2024
PRESIDENTE ANDRES MANUEL LOPEZ OBRADOR,"Todos los programas de educación los hemos evaluado: La Escuela es Nuestra, lo relacionado —eso lo hicimos en Tlaxcala— con los textos para educación básica, los libros de texto gratuito; los contenidos de los libros; las becas para estudiantes, el apoyo al magisterio, el programa de La Escuela es Nuestra.",0.0,50,16,08,2024
PRESIDENTE ANDRES MANUEL LOPEZ OBRADOR,"Ya se hizo una evaluación de todo el funcionamiento de las aduanas, tanto terrestres, fronterizas como de las aduanas marítimas, esto con la Defensa, y las marítimas con la Secretaría de Marina.",0.0,32,16,08,2024
PRESIDENTE ANDRES MANUEL LOPEZ OBRADOR,¿Qué más?,0.0,2,16,08,2024
PRESIDENTE ANDRES MANUEL LOPEZ OBRADOR,"Pues todos los programas de Conagua: acueductos, presas, distritos de riego. Ya los evaluamos conjuntamente.",0.0,15,16,08,2024
PRESIDENTE ANDRES MANUEL LOPEZ OBRADOR,"Pemex completo se evaluó, lo hicimos conjuntamente.",0.0,7,16,08,2024
PRESIDENTE ANDRES MANUEL LOPEZ OBRADOR,"Los proyectos de desarrollo, modernización de la Comisión Federal de Electricidad, todos.",0.0,12,16,08,2024
PRESIDENTE ANDRES MANUEL LOPEZ OBRADOR,Y ahora vamos a seguridad a Michoacán.,0.0,7,16,08,2024
PRESIDENTE ANDRES MANUEL LOPEZ OBRADOR,"En el caso de Colima es evaluar lo del agua para Manzanillo, se va a inaugurar un acueducto. Vamos a tener también una reunión en el Puerto de Manzanillo porque es un puerto muy importante, es el que mueve más contenedores en el país, de todos los puertos.",0.0,48,16,08,2024
PRESIDENTE ANDRES MANUEL LOPEZ OBRADOR,INTERVENCIÓN: ¿Le ha comunicado la presidenta sobre el libro que está escribiendo?,0.0,12,16,08,2024
PRESIDENTE ANDRES MANUEL LOPEZ OBRADOR, ¿Sobre?,0.0,1,16,08,2024
PRESIDENTE ANDRES MANUEL LOPEZ OBRADOR,"INTERVENCIÓN: El libro que está escribiendo, dio a conocer que está escribiendo un libro de cómo se ha llevado la transición entre los gobiernos.",0.0,24,16,08,2024
PRESIDENTE ANDRES MANUEL LOPEZ OBRADOR," Perdón, pero no te escuché.",0.0,5,16,08,2024
PRESIDENTE ANDRES MANUEL LOPEZ OBRADOR,"INTERLOCUTOR: Es que la presidenta dio a conocer que iba a escribir como una especie de memorias de giras que está haciendo con usted, de un libro. Entonces, si han comentado al respecto de eso.",0.0,35,16,08,2024
PRESIDENTE ANDRES MANUEL LOPEZ OBRADOR," No, no, pero ella tiene mucha disciplina porque…",0.0,8,16,08,2024
PRESIDENTE ANDRES MANUEL LOPEZ OBRADOR,INTERLOCUTOR: Todo escribe.,0.0,3,16,08,2024
PRESIDENTE ANDRES MANUEL LOPEZ OBRADOR," Sí, sí, lleva su diario. Antes se acostumbraba mucho eso. Yo a veces apunto. Cuando hice las giras por el país que, por ejemplo, visité los 570 municipios de Oaxaca, llevaba mi diario y de ahí saqué un texto sobre Oaxaca y el México profundo.",0.0,45,16,08,2024
PRESIDENTE ANDRES MANUEL LOPEZ OBRADOR,"Pero ella va apuntando, incluso algo que no es indiscreto, pero que pocos hacen, es de que en el trayecto va escribiendo sus discursos. Es muy importante que a una presidenta, a un presidente, a un senador, a un diputado, a un gobernador, que no les hagan los discursos, que los hagan ellos. Y a Claudia no se los hacen, ella los escribe. Es importante eso.",0.0,66,16,08,2024
PRESIDENTE ANDRES MANUEL LOPEZ OBRADOR,"Improvisa, improvisa muy bien, nada más que mi recomendación… Ella no necesita ninguna recomendación, ella está bien formada, pero en general a los políticos, sobre todo a los jóvenes, es que cuando tengan que hablar, aunque sean buenos oradores, que procuren escribir sus discursos, cuando se trata de actos grandes, mítines, es lo mejor, no improvisar mucho porque siempre hay riesgos, a veces es más la pasión que la razón. Entonces, cuando se lee, aunque se tenga el corazón caliente, la cabeza fría, y más si uno es opositor o no es bien visto por los oligarcas o por los medios conservadores. Entonces, si se lee, no hay pierde. Y se puede salir uno, ¿no?, pero poco, y regresar al texto por seguridad.",0.0,123,16,08,2024
PRESIDENTE ANDRES MANUEL LOPEZ OBRADOR,"Claro que cuando uno está en el Zócalo y está uno leyendo se sale uno del texto, improvisa. Pero cualquier frase, a veces uno no dice las frases tal cual, pero las arreglan los adversarios.",0.0,35,16,08,2024
PRESIDENTE ANDRES MANUEL LOPEZ OBRADOR,"Una vez dije: al diablo con sus instituciones, cuando nos robaron la Presidencia en el 2006. No quiero pelearme con nadie ya, pero uno muy famoso que fue el que le dio la vuelta, un periodista, y le arregló: ‘Al diablo con las instituciones’, que es distinto. Es: al diablo con sus instituciones, todas las que crearon para edificar una república simulada, falsa, pero no es: al diablo con las instituciones. Entonces, hay que tener cuidado.",0.0,76,16,08,2024
PRESIDENTE ANDRES MANUEL LOPEZ OBRADOR,Y con Claudia platicamos bastante y no todo es política.,0.0,10,16,08,2024
PRESIDENTE ANDRES MANUEL LOPEZ OBRADOR,"INTERLOCUTOR: ¿Qué anécdota es la que más se lleva ahorita de estas 10 giras, de estas 32 visitas a los estados que ha realizado con la doctora? ¿Cuál es una anécdota que usted recordaría de todos estos viajes?",0.0,38,16,08,2024
PRESIDENTE ANDRES MANUEL LOPEZ OBRADOR," Ah, me gustó mucho, hace poco, que venimos los dos en la camioneta y querían entregarle un documento. Se para la camioneta —a lo mejor tienes la foto ahí— y ella se sale por la ventana a agarrar el documento, y es muy sensible.",0.0,44,16,08,2024
PRESIDENTE ANDRES MANUEL LOPEZ OBRADOR,"Nos fue muy bien a los mexicanos, muy bien, eso es lo que puedo decir.",0.0,15,16,08,2024
PRESIDENTE ANDRES MANUEL LOPEZ OBRADOR,"Platicamos cosas, la familia y varios temas.",0.0,7,16,08,2024
PRESIDENTE ANDRES MANUEL LOPEZ OBRADOR,INTERVENCIÓN: De los limoneros.,0.0,4,16,08,2024
PRESIDENTE ANDRES MANUEL LOPEZ OBRADOR," Hay este conflicto —se está atendiendo— de extorsión en la zona de Buenavista, de la Tierra Caliente de Michoacán, y ya está interviniendo el Ejército, la Guardia Nacional, la policía estatal, para dar protección a los productores.",0.0,37,16,08,2024
PRESIDENTE ANDRES MANUEL LOPEZ OBRADOR,"No deja de llevar esto a que aumente el precio del limón, pero yo espero que sea transitorio. Hay quienes hablan de 26 pesos el kilo, otros que menos, pero, en fin, estamos atendiéndolo.",0.0,34,16,08,2024
PRESIDENTE ANDRES MANUEL LOPEZ OBRADOR,"INTERLOCUTOR: Gracias, presidente.",0.0,3,16,08,2024
PRESIDENTE ANDRES MANUEL LOPEZ OBRADOR,"Quiero retomar, si no me equivoco, con base en el artículo 65 y 69 constitucional, que el 1º de septiembre, en estricto apego a derecho, usted tiene que enviar el informe de gobierno al congreso para… Bueno, por salvoconducto de la Secretaría de Gobernación. Esto se lo comento en el marco de la entrada de las nuevas legislaturas, tanto en la Cámara de Diputados como en la Cámara de Senadores.",0.0,70,16,08,2024
PRESIDENTE ANDRES MANUEL LOPEZ OBRADOR,"Preguntarle, presidente, si sigue teniendo confianza en que el Tribunal Electoral va a emitir su fallo en favor de lo que mandata la Constitución en cuanto a las curules y a los escaños plurinominales.",0.0,34,16,08,2024
PRESIDENTE ANDRES MANUEL LOPEZ OBRADOR,"Y a la par, presidente, saber si ya tiene usted conocimiento de cuándo sería la reunión, que usted aquí mismo la comentó, que iba a recibir a todas y todos los legisladores electos. ¿Se va a llevar a cabo esta reunión aquí en Palacio Nacional, presidente? ¿Y tendría una fecha estimada para la misma?",0.0,54,16,08,2024
PRESIDENTE ANDRES MANUEL LOPEZ OBRADOR,"¿Y qué mensaje les manda a las y los legisladores en el marco precisamente de la nueva entrada en vigor de sus funciones y pues el debate sobre estas propuestas de reforma que usted hizo, gracias?",0.0,36,16,08,2024
PRESIDENTE ANDRES MANUEL LOPEZ OBRADOR," Bueno, yo no tengo pensado reunirme con ellos. Nada más felicitarlos por sus triunfos en los distritos, hicieron muy buenas campañas, todos, de todos los partidos, por eso ganaron, felicitarlos.",0.0,30,16,08,2024
PRESIDENTE ANDRES MANUEL LOPEZ OBRADOR,"Les va a tocar llevar a cabo una tarea importante en esta nueva legislatura porque se van a discutir, se va a aprobar un paquete de iniciativas que van a regresar a la Constitución del 17 a su espíritu de justicia social, de democracia, de fortalecimiento del Estado de derecho, de un auténtico Estado de derecho. Entonces, todo eso les va a corresponder a ellos, a legisladoras, legisladores. Y les deseo lo mejor. Creo que van a hacer un buen papel, un buen trabajo.",0.0,84,16,08,2024
PRESIDENTE ANDRES MANUEL LOPEZ OBRADOR,"Ojalá y también, en el caso de los opositores, que actúen pensando en el interés nacional, pensando en el pueblo, pensando en nuestra patria, que no por diferencias partidistas y recibiendo consigna voten todo en contra, como esta legislatura, me refiero al bloque conservador, que se cerraron, entonces votaban a favor de que se siguiera privatizando la industria eléctrica por consigna.",0.0,61,16,08,2024
PRESIDENTE ANDRES MANUEL LOPEZ OBRADOR,"Nos echaron para atrás una ley que fortalecía la soberanía eléctrica, por consigna, dándole preferencia a las empresas extranjeras, actuando en contra del interés nacional, incluso diputados del PRI. Adolfo López Mateos nacionalizó en 1960 la industria eléctrica en beneficio de nuestro pueblo para que se electrificaran todos los pueblos de México. O no sabían o ya no los inspiran esos ideales que eran un orgullo para ese partido y ya votan en función de actitudes sectarias, defendiendo intereses de potentados en contra del interés nacional, en contra del interés del pueblo.",0.0,92,16,08,2024
PRESIDENTE ANDRES MANUEL LOPEZ OBRADOR,"Imagínense que los diputados de la legislatura actual, creo, votaron para que no se convirtiera en un derecho la pensión a los adultos mayores, nada más consigna. Y luego viene la campaña y dicen: ‘No vamos a quitar los programas de Bienestar’. Pasa la campaña y dicen: ‘Sí teníamos que oponernos a los programas de Bienestar’. Mucha hipocresía.",0.0,58,16,08,2024
PRESIDENTE ANDRES MANUEL LOPEZ OBRADOR,"Entonces, un diputado es representante popular, entonces sí actuar defendiendo el interés del pueblo, el interés general, el interés de la nación. Ojalá y se comporten de esa manera, yo espero eso.",0.0,32,16,08,2024
PRESIDENTE ANDRES MANUEL LOPEZ OBRADOR,"INTERLOCUTOR: Gracias, presidente.",0.0,3,16,08,2024
PRESIDENTE ANDRES MANUEL LOPEZ OBRADOR,"Y nada más concluir, porque sabemos que se tiene que ir, aprovechando lo que comentaba precisamente del Partido Revolucionario Institucional, preguntarle su punto de vista al respecto de los hechos ocurridos recientemente sobre la reelección del dirigente nacional, Alejandro Moreno, y este marco político que premia, que está dentro del partido, en el cual incluso quieren sacar a sus senadores, es el caso del senador electo Manlio Fabio Beltrones, que ya dijeron que no va a estar dentro de la bancada del PRI.",0.0,83,16,08,2024
PRESIDENTE ANDRES MANUEL LOPEZ OBRADOR,"Preguntarle, presidente: usted, que ha tenido este bagaje cultural en los partidos en México, ¿considera que la oposición, y en este caso puntualmente el PRI, hay una crisis política dentro del partido, en el PRI, en el PAN, en los partidos de oposición, presidente?",0.0,44,16,08,2024
PRESIDENTE ANDRES MANUEL LOPEZ OBRADOR," No voy a opinar sobre eso, pero es necesario en una democracia que exista oposición y que sea una oposición fuerte.",0.0,21,16,08,2024
PRESIDENTE ANDRES MANUEL LOPEZ OBRADOR,"La democracia son contrapesos, son equilibrios, la democracia es para que nadie —en el nivel que sea— se sienta absoluto. La democracia es competencia, la democracia es confrontación de ideas, de proyectos, es pluralidad; es lo contrario a la dictadura. Entonces, se necesita que haya partidos opositores fuertes, que tengan principios, porque eso también suele olvidarse.",0.0,56,16,08,2024
PRESIDENTE ANDRES MANUEL LOPEZ OBRADOR,"Díganme ustedes cómo se justifica la alianza, hablando de principios, entre el PRI y el PAN. Históricamente el PRI surge en el 29 y lo funda Plutarco Elías Calles, es para reagrupar a todos los partidos que quedaron después del movimiento revolucionario. Y funda Plutarco Elías Calles el Partido Nacional Revolucionario, el PNR. Y luego ese partido se transforma y se convierte en Partido de la Revolución Mexicana, en el 38, Partido de la Revolución Mexicana.",0.0,76,16,08,2024
PRESIDENTE ANDRES MANUEL LOPEZ OBRADOR,"Un año después, porque el general Cárdenas lleva a cabo una política popular, patriótica, surge un partido conservador para oponerse a la política popular y patriótica del genera Cárdenas, para oponerse a la expropiación petrolera, y ese partido es el PAN, que surge un año después de la expropiación petrolera y en contra de la política del general Cárdenas y de los logros de la Revolución mexicana, surge en contra del ejido, surge en contra de la educación pública y en contra de la nacionalización del petróleo.",0.0,87,16,08,2024
PRESIDENTE ANDRES MANUEL LOPEZ OBRADOR,"Y así se mantuvo durante mucho tiempo y de repente… Bueno, el PRI, en ese entonces Partido de la Revolución Mexicana, se transforma en 1946 en PRI, como se conoce, Partido Revolucionario Institucional, y se va moderando, vamos a decir.",0.0,40,16,08,2024
PRESIDENTE ANDRES MANUEL LOPEZ OBRADOR,"Pero, de todas maneras, si ustedes les gusta la historia política, la historia de los partidos políticos, vean los discursos de Carlos Madrazo, el finado, en contra del PAN.",0.0,29,16,08,2024
PRESIDENTE ANDRES MANUEL LOPEZ OBRADOR,"Y, bueno, López Mateos es el que decide entregar los libros de texto gratuito, ¿y quiénes se oponen?, los panistas, hay todo un movimiento en contra de los libros de texto.",0.0,31,16,08,2024
PRESIDENTE ANDRES MANUEL LOPEZ OBRADOR,"Pero llega Salinas y logran acuerdos, y es a partir de ahí que se empieza a conformar lo que llamamos el Prian, al grado que terminan juntos.",0.0,27,16,08,2024
PRESIDENTE ANDRES MANUEL LOPEZ OBRADOR,"Entonces, regresando a la oposición, ¿qué, no pueden los partidos ser congruentes con sus principios, con sus ideales?",0.0,18,16,08,2024
PRESIDENTE ANDRES MANUEL LOPEZ OBRADOR,"Hay un documento que se solicita cuando se constituye un partido, que se llama Declaración de Principios. Muchos militantes no conocen ni siquiera —pero no militantes; dirigentes— la Declaración de Principios de un partido, porque hay una gran diferencia entre lo que dice la Declaración de Principios y lo que llevan a la práctica los partidos.",0.0,56,16,08,2024
PRESIDENTE ANDRES MANUEL LOPEZ OBRADOR,"Y luego, hay otro documento —porque son tres documentos básicos— que se llama Programa de Acción. A ver, ¿qué se propone en materia de política petrolera, en materia de política agropecuaria, en educación, en salud, en vivienda?, ahí debe de estar en el Programa de Acción. Pues tampoco se ajustan a eso. Y claro que debe de haber diferencias.",0.0,59,16,08,2024
PRESIDENTE ANDRES MANUEL LOPEZ OBRADOR,"Y un tercer documento son los estatus de cada partido, que a veces no se respetan, se violan los estatus de los partidos.",0.0,23,16,08,2024
PRESIDENTE ANDRES MANUEL LOPEZ OBRADOR,"Entonces, ojalá y se fortalezcan los partidos. Un partido político, de acuerdo a la Constitución, es una entidad de interés público, son fundamentales en una democracia. Y conviene que haya oposición. Es como si en un pueblo hay una sola tienda, por muy bueno que sea el tendero siempre va a tener la tentación de vender cara la mercancía, y hasta de regañar a los clientes; pero si hay dos, tres, cuatro tiendas, tienen que dar mejores precios, hay competencia y tienen que tratar bien a la gente. Esa es la democracia y es el mejor sistema político que tenemos; desde luego, buscando que la democracia sea auténtica, que no la utilicen como fachada, que no sea nada más un parapeto, como fue mucho tiempo en México, de que se hablaba de que el pueblo decidía libremente, que el pueblo mandaba y era puro cuento, decidían los de arriba, mandaban los de arriba, al pueblo nada más se le utilizaba, volteaban a ver al pueblo cuando había elecciones para legalizar, legitimar la seudodemocracia.",0.0,173,16,08,2024
PRESIDENTE ANDRES MANUEL LOPEZ OBRADOR,"Ahora no, ahora nuestro pueblo está muy consciente, participativo, como pocos pueblos en el mundo, está empoderado. Y podrá tratarse de un intelectual famoso, de un empresario muy próspero, de un comentarista de radio, de televisión muy destacado, pero manda el pueblo.",0.0,42,16,08,2024
PRESIDENTE ANDRES MANUEL LOPEZ OBRADOR,"Y eso a los conservadores, no de ahora, de siempre, les ha molestado mucho, nunca lo han aceptado, cómo un indio patarrajada de algún lugar del trópico va a gobernar, un naco, totonaco, un chinto.",0.0,35,16,08,2024
PRESIDENTE ANDRES MANUEL LOPEZ OBRADOR,"‘¿Qué sabe la gente de política?’, es lo que dicen. ‘Cambian de opinión de la noche a la mañana —como diría Zaid— porque había empate y estaba a punto de ganar Xóchitl, y de repente cambiaron de opinión, porque es un pueblo muy voluble manipulable, y, miren lo que pasó’.",0.0,50,16,08,2024
PRESIDENTE ANDRES MANUEL LOPEZ OBRADOR,"Y no aceptan, pero no solo los más famosos, los sabiondos, sino hay sectores de clases medias cerrados completamente, y lo que dicen es: ‘Los ignorantes, los fanáticos son los que siguen al presidente actual, a la presidenta electa, a los que están en el movimiento de transformación’. Esos son ignorantes, fanáticos, no son ellos.",0.0,55,16,08,2024
PRESIDENTE ANDRES MANUEL LOPEZ OBRADOR,"Entonces, en esos casos, ya cuando se llega a esos niveles… Afortunadamente en México no tenemos ese problema porque la mayoría está muy consciente. Y los que se aferraban, ¿no?, al pensamiento conservador ya están cambiando, lo vimos ahora que hicieron su manifestación, después de llenar al Zócalo ya pues fueron como dos mil. Aunque la policía ya ven cómo trata a los manifestantes, así nos trataba a nosotros: ‘Son dos mil’, dicen, y fueron 500’.",0.0,76,16,08,2024
PRESIDENTE ANDRES MANUEL LOPEZ OBRADOR,"No, no, pero sí muy, muy menguados, muy disminuidos, porque ya hay mucha gente que está informándose más, y ya los medios ya no tienen el mismo efecto, ya no les funcionan mucho, como antes, ya no se deja la gente manipular fácilmente.",0.0,43,16,08,2024
PRESIDENTE ANDRES MANUEL LOPEZ OBRADOR,"Van a quedar pendientes, ¿eh! Sin lista. Pero queda Demian y Manuel, nada más, nada más, sí, ustedes dos, para el lunes.",0.0,22,16,08,2024
PRESIDENTE ANDRES MANUEL LOPEZ OBRADOR,PREGUNTA: (Inaudible),0.0,2,16,08,2024
PRESIDENTE ANDRES MANUEL LOPEZ OBRADOR," Ah, no pero sí vamos a estar, O sea, va a haber conferencia y sorpresa por el festival y el homenaje a nuestros migrantes desde las 7:00, igual, comenzamos y viene el festival, el homenaje a los migrantes, bien merecido.",0.0,40,16,08,2024
PRESIDENTE ANDRES MANUEL LOPEZ OBRADOR,PREGUNTA: (inaudible),0.0,2,16,08,2024
PRESIDENTE ANDRES MANUEL LOPEZ OBRADOR," A lo mejor el lunes no vamos a tener Tren Maya, para que nos dé más tiempo, sí, que podamos contestar algunas preguntas y luego nos vamos con el festival.",0.0,30,16,08,2024
PRESIDENTE ANDRES MANUEL LOPEZ OBRADOR,Que la pasen muy bien el fin de semana.,0.0,9,16,08,2024
